news_id,sentiment
NEWS_000001,positive
NEWS_000002,negative
NEWS_000003,negative
NEWS_000004,negative
NEWS_000005,positive
NEWS_000006,negative
NEWS_000007,positive
NEWS_000008,positive
NEWS_000009,negative
NEWS_000010,positive
NEWS_000011,positive
NEWS_000012,positive
NEWS_000013,negative
NEWS_000014,positive
NEWS_000015,negative
NEWS_000016,positive
NEWS_000017,positive
NEWS_000018,negative
NEWS_000019,positive
NEWS_000020,negative
NEWS_000021,negative
NEWS_000022,positive
NEWS_000023,negative
NEWS_000024,negative
NEWS_000025,neutral
NEWS_000026,positive
NEWS_000027,positive
NEWS_000028,positive
NEWS_000029,positive
NEWS_000030,neutral
NEWS_000031,negative
NEWS_000032,negative
NEWS_000033,positive
NEWS_000034,positive
NEWS_000035,negative
NEWS_000036,positive
NEWS_000037,positive
NEWS_000038,positive
NEWS_000039,positive
NEWS_000040,positive
NEWS_000041,positive
NEWS_000042,neutral
NEWS_000043,negative
NEWS_000044,positive
NEWS_000045,positive
NEWS_000046,positive
NEWS_000047,negative
NEWS_000048,positive
NEWS_000049,positive
NEWS_000050,positive
NEWS_000051,positive
NEWS_000052,positive
NEWS_000053,negative
NEWS_000054,positive
NEWS_000055,negative
NEWS_000056,positive
NEWS_000057,positive
NEWS_000058,positive
NEWS_000059,positive
NEWS_000060,negative
NEWS_000061,positive
NEWS_000062,positive
NEWS_000063,neutral
NEWS_000064,negative
NEWS_000065,negative
NEWS_000066,neutral
NEWS_000067,positive
NEWS_000068,positive
NEWS_000069,negative
NEWS_000070,positive
NEWS_000071,positive
NEWS_000072,positive
NEWS_000073,positive
NEWS_000074,positive
NEWS_000075,negative
NEWS_000076,negative
NEWS_000077,positive
NEWS_000078,negative
NEWS_000079,negative
NEWS_000080,negative
NEWS_000081,negative
NEWS_000082,negative
NEWS_000083,negative
NEWS_000084,negative
NEWS_000085,positive
NEWS_000086,negative
NEWS_000087,positive
NEWS_000088,positive
NEWS_000089,negative
NEWS_000090,negative
NEWS_000091,positive
NEWS_000092,positive
NEWS_000093,positive
NEWS_000094,positive
NEWS_000095,positive
NEWS_000096,positive
NEWS_000097,positive
NEWS_000098,positive
NEWS_000099,positive
NEWS_000100,neutral
NEWS_000101,positive
NEWS_000102,positive
NEWS_000103,positive
NEWS_000104,positive
NEWS_000105,positive
NEWS_000106,positive
NEWS_000107,positive
NEWS_000108,positive
NEWS_000109,positive
NEWS_000110,positive
NEWS_000111,positive
NEWS_000112,positive
NEWS_000113,positive
NEWS_000114,positive
NEWS_000115,negative
NEWS_000116,positive
NEWS_000117,positive
NEWS_000118,positive
NEWS_000119,positive
NEWS_000120,positive
NEWS_000121,positive
NEWS_000122,positive
NEWS_000123,positive
NEWS_000124,neutral
NEWS_000125,positive
NEWS_000126,negative
NEWS_000127,neutral
NEWS_000128,negative
NEWS_000129,positive
NEWS_000131,negative
NEWS_000132,positive
NEWS_000133,negative
NEWS_000134,neutral
NEWS_000135,positive
NEWS_000136,positive
NEWS_000137,neutral
NEWS_000138,negative
NEWS_000139,positive
NEWS_000140,positive
NEWS_000141,negative
NEWS_000142,neutral
NEWS_000143,neutral
NEWS_000144,positive
NEWS_000145,positive
NEWS_000146,negative
NEWS_000147,positive
NEWS_000148,neutral
NEWS_000149,positive
NEWS_000150,neutral
NEWS_000151,positive
NEWS_000152,positive
NEWS_000153,positive
NEWS_000154,positive
NEWS_000155,neutral
NEWS_000156,positive
NEWS_000157,negative
NEWS_000158,positive
NEWS_000159,positive
NEWS_000160,negative
NEWS_000161,positive
NEWS_000162,negative
NEWS_000163,positive
NEWS_000164,neutral
NEWS_000165,positive
NEWS_000166,positive
NEWS_000167,neutral
NEWS_000168,positive
NEWS_000169,positive
NEWS_000170,negative
NEWS_000171,positive
NEWS_000172,positive
NEWS_000173,positive
NEWS_000174,positive
NEWS_000175,negative
NEWS_000176,positive
NEWS_000177,positive
NEWS_000178,negative
NEWS_000179,negative
NEWS_000180,positive
NEWS_000181,positive
NEWS_000182,positive
NEWS_000183,positive
NEWS_000184,positive
NEWS_000185,positive
NEWS_000186,positive
NEWS_000187,positive
NEWS_000188,positive
NEWS_000189,positive
NEWS_000190,positive
NEWS_000191,neutral
NEWS_000192,positive
NEWS_000193,positive
NEWS_000194,positive
NEWS_000195,positive
NEWS_000196,negative
NEWS_000197,positive
NEWS_000198,positive
NEWS_000199,negative
NEWS_000200,negative
NEWS_000201,neutral
NEWS_000202,negative
NEWS_000203,positive
NEWS_000204,positive
NEWS_000205,positive
NEWS_000206,neutral
NEWS_000207,positive
NEWS_000208,neutral
NEWS_000209,negative
NEWS_000210,neutral
NEWS_000211,positive
NEWS_000212,neutral
NEWS_000213,positive
NEWS_000214,positive
NEWS_000215,positive
NEWS_000216,negative
NEWS_000217,positive
NEWS_000218,positive
NEWS_000219,positive
NEWS_000220,positive
NEWS_000221,positive
NEWS_000222,negative
NEWS_000223,positive
NEWS_000224,positive
NEWS_000225,positive
NEWS_000226,positive
NEWS_000227,positive
NEWS_000228,negative
NEWS_000229,positive
NEWS_000230,negative
NEWS_000231,positive
NEWS_000232,neutral
NEWS_000233,positive
NEWS_000234,positive
NEWS_000235,positive
NEWS_000236,negative
NEWS_000237,positive
NEWS_000238,positive
NEWS_000239,negative
NEWS_000240,neutral
NEWS_000241,positive
NEWS_000242,positive
NEWS_000243,neutral
NEWS_000244,positive
NEWS_000245,positive
NEWS_000246,negative
NEWS_000247,positive
NEWS_000248,negative
NEWS_000249,positive
NEWS_000250,positive
NEWS_000251,neutral
NEWS_000252,neutral
NEWS_000253,positive
NEWS_000254,positive
NEWS_000255,neutral
NEWS_000256,neutral
NEWS_000257,positive
NEWS_000258,positive
NEWS_000259,positive
NEWS_000260,positive
NEWS_000261,positive
NEWS_000262,positive
NEWS_000263,neutral
NEWS_000264,negative
NEWS_000265,neutral
NEWS_000266,positive
NEWS_000267,positive
NEWS_000268,positive
NEWS_000269,positive
NEWS_000270,negative
NEWS_000271,negative
NEWS_000272,neutral
NEWS_000273,neutral
NEWS_000274,positive
NEWS_000275,positive
NEWS_000276,neutral
NEWS_000277,positive
NEWS_000278,negative
NEWS_000279,negative
NEWS_000280,positive
NEWS_000281,positive
NEWS_000282,positive
NEWS_000283,neutral
NEWS_000284,positive
NEWS_000285,positive
NEWS_000286,negative
NEWS_000287,positive
NEWS_000288,negative
NEWS_000289,positive
NEWS_000290,negative
NEWS_000291,negative
NEWS_000292,positive
NEWS_000293,negative
NEWS_000294,neutral
NEWS_000295,neutral
NEWS_000296,negative
NEWS_000297,neutral
NEWS_000298,neutral
NEWS_000299,negative
NEWS_000300,positive
NEWS_000301,positive
NEWS_000302,neutral
NEWS_000303,negative
NEWS_000304,neutral
NEWS_000305,positive
NEWS_000306,neutral
NEWS_000307,negative
NEWS_000308,positive
NEWS_000309,positive
NEWS_000310,negative
NEWS_000311,negative
NEWS_000312,negative
NEWS_000313,neutral
NEWS_000314,neutral
NEWS_000315,positive
NEWS_000316,positive
NEWS_000317,negative
NEWS_000318,positive
NEWS_000319,positive
NEWS_000320,positive
NEWS_000321,positive
NEWS_000322,negative
NEWS_000323,neutral
NEWS_000324,neutral
NEWS_000325,negative
NEWS_000326,neutral
NEWS_000327,positive
NEWS_000328,positive
NEWS_000329,positive
NEWS_000330,negative
NEWS_000331,negative
NEWS_000332,negative
NEWS_000333,negative
NEWS_000334,neutral
NEWS_000335,negative
NEWS_000336,negative
NEWS_000337,negative
NEWS_000338,negative
NEWS_000339,negative
NEWS_000340,negative
NEWS_000341,negative
NEWS_000342,negative
NEWS_000343,positive
NEWS_000344,negative
NEWS_000345,negative
NEWS_000346,neutral
NEWS_000347,negative
NEWS_000348,positive
NEWS_000349,positive
NEWS_000350,negative
NEWS_000351,negative
NEWS_000352,neutral
NEWS_000353,negative
NEWS_000354,neutral
NEWS_000355,negative
NEWS_000356,negative
NEWS_000357,negative
NEWS_000358,negative
NEWS_000359,negative
NEWS_000360,negative
NEWS_000361,positive
NEWS_000362,negative
NEWS_000363,neutral
NEWS_000364,negative
NEWS_000365,negative
NEWS_000366,neutral
NEWS_000367,negative
NEWS_000368,positive
NEWS_000369,negative
NEWS_000370,negative
NEWS_000371,negative
NEWS_000372,negative
NEWS_000373,positive
NEWS_000374,negative
NEWS_000375,positive
NEWS_000376,negative
NEWS_000377,negative
NEWS_000378,negative
NEWS_000379,negative
NEWS_000380,neutral
NEWS_000381,negative
NEWS_000382,negative
NEWS_000383,positive
NEWS_000384,negative
NEWS_000385,negative
NEWS_000386,negative
NEWS_000387,negative
NEWS_000388,negative
NEWS_000389,positive
NEWS_000390,negative
NEWS_000391,positive
NEWS_000392,negative
NEWS_000393,negative
NEWS_000394,negative
NEWS_000395,negative
NEWS_000396,negative
NEWS_000397,neutral
NEWS_000398,negative
NEWS_000399,negative
NEWS_000400,negative
NEWS_000401,negative
NEWS_000402,negative
NEWS_000403,positive
NEWS_000404,negative
NEWS_000405,positive
NEWS_000406,negative
NEWS_000407,negative
NEWS_000408,negative
NEWS_000409,negative
NEWS_000410,negative
NEWS_000411,negative
NEWS_000412,negative
NEWS_000413,negative
NEWS_000414,negative
NEWS_000415,neutral
NEWS_000416,negative
NEWS_000417,negative
NEWS_000418,negative
NEWS_000419,negative
NEWS_000420,negative
NEWS_000421,negative
NEWS_000422,negative
NEWS_000423,negative
NEWS_000424,negative
NEWS_000425,negative
NEWS_000426,negative
NEWS_000427,negative
NEWS_000428,negative
NEWS_000429,negative
NEWS_000430,negative
NEWS_000431,neutral
NEWS_000432,negative
NEWS_000433,negative
NEWS_000434,negative
NEWS_000435,negative
NEWS_000436,negative
NEWS_000437,negative
NEWS_000438,negative
NEWS_000439,negative
NEWS_000440,negative
NEWS_000441,negative
NEWS_000442,negative
NEWS_000443,negative
NEWS_000444,negative
NEWS_000445,negative
NEWS_000446,negative
NEWS_000447,negative
NEWS_000448,negative
NEWS_000449,negative
NEWS_000450,negative
NEWS_000451,negative
NEWS_000452,negative
NEWS_000453,negative
NEWS_000454,neutral
NEWS_000455,negative
NEWS_000456,negative
NEWS_000457,negative
NEWS_000458,negative
NEWS_000459,negative
NEWS_000460,negative
NEWS_000461,negative
NEWS_000462,negative
NEWS_000463,negative
NEWS_000464,negative
NEWS_000465,negative
NEWS_000466,negative
NEWS_000467,neutral
NEWS_000468,negative
NEWS_000469,negative
NEWS_000470,negative
NEWS_000471,negative
NEWS_000472,negative
NEWS_000473,negative
NEWS_000474,positive
NEWS_000475,negative
NEWS_000476,negative
NEWS_000477,negative
NEWS_000478,negative
NEWS_000479,negative
NEWS_000480,negative
NEWS_000481,negative
NEWS_000482,neutral
NEWS_000483,negative
NEWS_000484,negative
NEWS_000485,negative
NEWS_000486,positive
NEWS_000487,negative
NEWS_000488,negative
NEWS_000489,positive
NEWS_000490,negative
NEWS_000491,negative
NEWS_000492,negative
NEWS_000493,neutral
NEWS_000494,negative
NEWS_000495,negative
NEWS_000496,negative
NEWS_000497,negative
NEWS_000498,negative
NEWS_000499,negative
NEWS_000500,negative
NEWS_000501,negative
NEWS_000502,negative
NEWS_000503,neutral
NEWS_000504,negative
NEWS_000505,negative
NEWS_000506,negative
NEWS_000507,negative
NEWS_000508,negative
NEWS_000509,negative
NEWS_000510,negative
NEWS_000511,negative
NEWS_000512,positive
NEWS_000513,positive
NEWS_000514,negative
NEWS_000515,neutral
NEWS_000516,positive
NEWS_000517,neutral
NEWS_000518,negative
NEWS_000519,negative
NEWS_000520,neutral
NEWS_000521,negative
NEWS_000522,positive
NEWS_000523,neutral
NEWS_000524,negative
NEWS_000525,neutral
NEWS_000526,negative
NEWS_000527,neutral
NEWS_000528,negative
NEWS_000529,neutral
NEWS_000530,positive
NEWS_000531,negative
NEWS_000532,neutral
NEWS_000533,positive
NEWS_000534,negative
NEWS_000535,positive
NEWS_000536,positive
NEWS_000537,negative
NEWS_000538,neutral
NEWS_000539,positive
NEWS_000540,neutral
NEWS_000541,negative
NEWS_000542,positive
NEWS_000543,neutral
NEWS_000544,positive
NEWS_000545,neutral
NEWS_000546,negative
NEWS_000547,neutral
NEWS_000548,negative
NEWS_000549,positive
NEWS_000550,neutral
NEWS_000551,negative
NEWS_000552,positive
NEWS_000553,positive
NEWS_000554,negative
NEWS_000555,negative
NEWS_000556,negative
NEWS_000557,positive
NEWS_000558,neutral
NEWS_000559,positive
NEWS_000560,positive
NEWS_000561,negative
NEWS_000562,positive
NEWS_000563,negative
NEWS_000564,positive
NEWS_000565,neutral
NEWS_000566,positive
NEWS_000567,positive
NEWS_000568,neutral
NEWS_000569,neutral
NEWS_000570,neutral
NEWS_000571,positive
NEWS_000572,neutral
NEWS_000573,positive
NEWS_000574,positive
NEWS_000575,negative
NEWS_000576,positive
NEWS_000577,neutral
NEWS_000578,positive
NEWS_000579,negative
NEWS_000580,negative
NEWS_000581,neutral
NEWS_000582,negative
NEWS_000583,negative
NEWS_000584,positive
NEWS_000585,positive
NEWS_000586,negative
NEWS_000587,positive
NEWS_000588,negative
NEWS_000589,negative
NEWS_000590,positive
NEWS_000591,negative
NEWS_000592,neutral
NEWS_000593,positive
NEWS_000594,positive
NEWS_000595,negative
NEWS_000596,negative
NEWS_000597,negative
NEWS_000598,positive
NEWS_000599,positive
NEWS_000600,positive
NEWS_000601,positive
NEWS_000602,positive
NEWS_000603,positive
NEWS_000604,positive
NEWS_000605,neutral
NEWS_000606,positive
NEWS_000607,neutral
NEWS_000608,neutral
NEWS_000609,positive
NEWS_000610,neutral
NEWS_000611,neutral
NEWS_000612,negative
NEWS_000613,negative
NEWS_000614,negative
NEWS_000615,neutral
NEWS_000616,negative
NEWS_000617,negative
NEWS_000618,negative
NEWS_000619,negative
NEWS_000620,negative
NEWS_000621,negative
NEWS_000622,negative
NEWS_000623,neutral
NEWS_000624,neutral
NEWS_000625,neutral
NEWS_000626,neutral
NEWS_000627,negative
NEWS_000628,neutral
NEWS_000629,negative
NEWS_000630,positive
NEWS_000631,negative
NEWS_000632,positive
NEWS_000633,negative
NEWS_000634,negative
NEWS_000635,negative
NEWS_000636,neutral
NEWS_000637,positive
NEWS_000638,negative
NEWS_000639,positive
NEWS_000640,negative
NEWS_000641,negative
NEWS_000642,positive
NEWS_000643,negative
NEWS_000644,neutral
NEWS_000645,positive
NEWS_000646,positive
NEWS_000647,positive
NEWS_000648,neutral
NEWS_000649,positive
NEWS_000650,positive
NEWS_000651,positive
NEWS_000652,negative
NEWS_000653,positive
NEWS_000654,positive
NEWS_000655,neutral
NEWS_000656,positive
NEWS_000657,negative
NEWS_000658,positive
NEWS_000659,negative
NEWS_000660,negative
NEWS_000661,negative
NEWS_000662,negative
NEWS_000663,negative
NEWS_000664,negative
NEWS_000665,negative
NEWS_000666,negative
NEWS_000667,negative
NEWS_000668,negative
NEWS_000669,positive
NEWS_000670,negative
NEWS_000671,positive
NEWS_000672,positive
NEWS_000673,neutral
NEWS_000674,positive
NEWS_000675,negative
NEWS_000676,negative
NEWS_000677,negative
NEWS_000678,negative
NEWS_000679,negative
NEWS_000680,negative
NEWS_000681,neutral
NEWS_000682,positive
NEWS_000683,negative
NEWS_000684,negative
NEWS_000685,negative
NEWS_000686,negative
NEWS_000687,neutral
NEWS_000688,positive
NEWS_000689,negative
NEWS_000690,positive
NEWS_000691,neutral
NEWS_000692,positive
NEWS_000693,positive
NEWS_000694,positive
NEWS_000695,positive
NEWS_000696,positive
NEWS_000697,neutral
NEWS_000698,positive
NEWS_000699,neutral
NEWS_000700,positive
NEWS_000701,negative
NEWS_000702,neutral
NEWS_000703,neutral
NEWS_000704,positive
NEWS_000705,positive
NEWS_000706,positive
NEWS_000707,positive
NEWS_000708,positive
NEWS_000709,positive
NEWS_000710,positive
NEWS_000711,positive
NEWS_000712,positive
NEWS_000713,positive
NEWS_000714,positive
NEWS_000715,positive
NEWS_000716,positive
NEWS_000717,positive
NEWS_000718,positive
NEWS_000719,positive
NEWS_000720,positive
NEWS_000721,positive
NEWS_000722,neutral
NEWS_000723,neutral
NEWS_000724,positive
NEWS_000725,positive
NEWS_000726,neutral
NEWS_000727,positive
NEWS_000728,positive
NEWS_000729,positive
NEWS_000730,positive
NEWS_000731,positive
NEWS_000732,neutral
NEWS_000733,positive
NEWS_000734,positive
NEWS_000735,neutral
NEWS_000736,positive
NEWS_000737,positive
NEWS_000738,positive
NEWS_000739,neutral
NEWS_000740,neutral
NEWS_000741,neutral
NEWS_000742,positive
NEWS_000743,positive
NEWS_000744,positive
NEWS_000745,positive
NEWS_000746,positive
NEWS_000747,neutral
NEWS_000748,positive
NEWS_000749,positive
NEWS_000750,positive
NEWS_000751,positive
NEWS_000752,neutral
NEWS_000753,positive
NEWS_000754,positive
NEWS_000755,positive
NEWS_000756,positive
NEWS_000757,positive
NEWS_000758,neutral
NEWS_000759,positive
NEWS_000760,neutral
NEWS_000761,positive
NEWS_000762,positive
NEWS_000763,positive
NEWS_000764,negative
NEWS_000765,neutral
NEWS_000766,positive
NEWS_000767,positive
NEWS_000768,positive
NEWS_000769,neutral
NEWS_000770,positive
NEWS_000771,neutral
NEWS_000772,positive
NEWS_000773,neutral
NEWS_000774,neutral
NEWS_000775,positive
NEWS_000776,neutral
NEWS_000777,negative
NEWS_000778,positive
NEWS_000779,positive
NEWS_000780,positive
NEWS_000781,positive
NEWS_000782,positive
NEWS_000783,positive
NEWS_000784,negative
NEWS_000785,positive
NEWS_000786,positive
NEWS_000787,neutral
NEWS_000788,positive
NEWS_000789,positive
NEWS_000790,neutral
NEWS_000791,positive
NEWS_000792,negative
NEWS_000793,negative
NEWS_000794,positive
NEWS_000795,positive
NEWS_000796,negative
NEWS_000797,neutral
NEWS_000798,positive
NEWS_000799,positive
NEWS_000800,positive
NEWS_000801,positive
NEWS_000802,negative
NEWS_000803,positive
NEWS_000804,neutral
NEWS_000805,positive
NEWS_000806,positive
NEWS_000807,positive
NEWS_000808,positive
NEWS_000809,positive
NEWS_000810,positive
NEWS_000811,positive
NEWS_000812,neutral
NEWS_000813,negative
NEWS_000814,negative
NEWS_000815,negative
NEWS_000816,negative
NEWS_000817,negative
NEWS_000818,neutral
NEWS_000819,negative
NEWS_000820,negative
NEWS_000821,negative
NEWS_000822,negative
NEWS_000823,negative
NEWS_000824,negative
NEWS_000825,negative
NEWS_000826,positive
NEWS_000827,negative
NEWS_000828,neutral
NEWS_000829,negative
NEWS_000830,positive
NEWS_000831,neutral
NEWS_000832,negative
NEWS_000833,negative
NEWS_000834,neutral
NEWS_000835,negative
NEWS_000836,negative
NEWS_000837,negative
NEWS_000838,negative
NEWS_000839,positive
NEWS_000840,negative
NEWS_000841,negative
NEWS_000842,neutral
NEWS_000843,negative
NEWS_000844,neutral
NEWS_000845,negative
NEWS_000846,neutral
NEWS_000847,negative
NEWS_000848,negative
NEWS_000849,neutral
NEWS_000850,negative
NEWS_000851,negative
NEWS_000852,negative
NEWS_000853,negative
NEWS_000854,neutral
NEWS_000855,neutral
NEWS_000856,positive
NEWS_000857,positive
NEWS_000858,positive
NEWS_000859,neutral
NEWS_000860,positive
NEWS_000861,positive
NEWS_000862,positive
NEWS_000863,positive
NEWS_000864,positive
NEWS_000865,positive
NEWS_000866,positive
NEWS_000867,positive
NEWS_000868,positive
NEWS_000869,positive
NEWS_000870,neutral
NEWS_000871,positive
NEWS_000872,negative
NEWS_000873,positive
NEWS_000874,positive
NEWS_000875,positive
NEWS_000876,positive
NEWS_000877,positive
NEWS_000878,neutral
NEWS_000879,positive
NEWS_000880,positive
NEWS_000881,positive
NEWS_000882,positive
NEWS_000883,positive
NEWS_000884,positive
NEWS_000885,positive
NEWS_000886,positive
NEWS_000887,positive
NEWS_000888,positive
NEWS_000889,positive
NEWS_000890,positive
NEWS_000891,positive
NEWS_000892,positive
NEWS_000893,positive
NEWS_000894,positive
NEWS_000895,positive
NEWS_000896,positive
NEWS_000897,positive
NEWS_000898,positive
NEWS_000899,positive
NEWS_000900,negative
NEWS_000901,negative
NEWS_000902,neutral
NEWS_000903,negative
NEWS_000904,positive
NEWS_000905,positive
NEWS_000906,positive
NEWS_000907,negative
NEWS_000908,positive
NEWS_000909,negative
NEWS_000910,negative
NEWS_000911,neutral
NEWS_000912,negative
NEWS_000913,positive
NEWS_000914,negative
NEWS_000915,positive
NEWS_000916,neutral
NEWS_000917,negative
NEWS_000918,positive
NEWS_000919,positive
NEWS_000920,positive
NEWS_000921,positive
NEWS_000922,positive
NEWS_000923,negative
NEWS_000924,negative
NEWS_000925,positive
NEWS_000926,positive
NEWS_000927,positive
NEWS_000928,negative
NEWS_000929,positive
NEWS_000930,negative
NEWS_000931,positive
NEWS_000932,positive
NEWS_000933,positive
NEWS_000934,positive
NEWS_000935,positive
NEWS_000936,positive
NEWS_000937,positive
NEWS_000938,negative
NEWS_000939,neutral
NEWS_000940,positive
NEWS_000941,positive
NEWS_000942,positive
NEWS_000943,positive
NEWS_000944,positive
NEWS_000945,positive
NEWS_000946,positive
NEWS_000947,neutral
NEWS_000948,neutral
NEWS_000949,positive
NEWS_000950,positive
NEWS_000951,positive
NEWS_000952,positive
NEWS_000953,positive
NEWS_000954,positive
NEWS_000955,positive
NEWS_000956,positive
NEWS_000957,positive
NEWS_000958,positive
NEWS_000959,positive
NEWS_000960,positive
NEWS_000961,positive
NEWS_000962,positive
NEWS_000963,positive
NEWS_000964,positive
NEWS_000965,positive
NEWS_000966,positive
NEWS_000967,positive
NEWS_000968,positive
NEWS_000969,positive
NEWS_000970,positive
NEWS_000971,positive
NEWS_000972,positive
NEWS_000973,positive
NEWS_000974,positive
NEWS_000975,positive
NEWS_000976,positive
NEWS_000977,neutral
NEWS_000978,positive
NEWS_000979,positive
NEWS_000980,positive
NEWS_000981,positive
NEWS_000982,positive
NEWS_000983,positive
NEWS_000984,positive
NEWS_000985,positive
NEWS_000986,positive
NEWS_000987,positive
NEWS_000988,positive
NEWS_000989,positive
NEWS_000990,positive
NEWS_000991,positive
NEWS_000992,positive
NEWS_000993,positive
NEWS_000994,positive
NEWS_000995,positive
NEWS_000996,positive
NEWS_000997,positive
NEWS_000998,positive
NEWS_000999,positive
NEWS_001000,positive
NEWS_001001,positive
NEWS_001002,positive
NEWS_001003,positive
NEWS_001004,positive
NEWS_001005,positive
NEWS_001006,positive
NEWS_001007,positive
NEWS_001008,positive
NEWS_001009,positive
NEWS_001010,positive
NEWS_001011,positive
NEWS_001012,positive
NEWS_001013,positive
NEWS_001014,positive
NEWS_001015,neutral
NEWS_001016,neutral
NEWS_001017,positive
NEWS_001018,negative
NEWS_001019,negative
NEWS_001020,positive
NEWS_001021,positive
NEWS_001022,positive
NEWS_001023,positive
NEWS_001024,positive
NEWS_001025,positive
NEWS_001026,positive
NEWS_001027,positive
NEWS_001028,positive
NEWS_001029,positive
NEWS_001030,positive
NEWS_001031,positive
NEWS_001032,neutral
NEWS_001033,neutral
NEWS_001034,positive
NEWS_001035,positive
NEWS_001036,positive
NEWS_001037,positive
NEWS_001038,positive
NEWS_001039,positive
NEWS_001040,neutral
NEWS_001041,positive
NEWS_001042,positive
NEWS_001043,positive
NEWS_001044,positive
NEWS_001045,positive
NEWS_001046,positive
NEWS_001047,positive
NEWS_001048,positive
NEWS_001049,positive
NEWS_001050,positive
NEWS_001051,negative
NEWS_001052,positive
NEWS_001053,positive
NEWS_001054,neutral
NEWS_001055,positive
NEWS_001056,positive
NEWS_001057,negative
NEWS_001058,positive
NEWS_001059,neutral
NEWS_001060,positive
NEWS_001061,neutral
NEWS_001062,negative
NEWS_001063,negative
NEWS_001064,negative
NEWS_001065,negative
NEWS_001066,positive
NEWS_001067,neutral
NEWS_001068,negative
NEWS_001069,neutral
NEWS_001070,positive
NEWS_001071,positive
NEWS_001072,positive
NEWS_001073,neutral
NEWS_001074,negative
NEWS_001075,negative
NEWS_001076,neutral
NEWS_001077,negative
NEWS_001078,neutral
NEWS_001079,positive
NEWS_001080,positive
NEWS_001081,positive
NEWS_001082,positive
NEWS_001083,positive
NEWS_001084,neutral
NEWS_001085,positive
NEWS_001086,positive
NEWS_001087,neutral
NEWS_001088,positive
NEWS_001089,positive
NEWS_001090,positive
NEWS_001091,positive
NEWS_001092,positive
NEWS_001093,positive
NEWS_001094,negative
NEWS_001095,positive
NEWS_001096,positive
NEWS_001097,positive
NEWS_001098,positive
NEWS_001099,positive
NEWS_001100,neutral
NEWS_001101,positive
NEWS_001102,positive
NEWS_001103,positive
NEWS_001104,positive
NEWS_001105,positive
NEWS_001106,positive
NEWS_001107,positive
NEWS_001108,neutral
NEWS_001109,positive
NEWS_001110,positive
NEWS_001111,positive
NEWS_001112,neutral
NEWS_001113,positive
NEWS_001114,positive
NEWS_001115,positive
NEWS_001116,neutral
NEWS_001117,positive
NEWS_001118,positive
NEWS_001119,positive
NEWS_001120,positive
NEWS_001121,positive
NEWS_001122,positive
NEWS_001123,positive
NEWS_001124,positive
NEWS_001125,positive
NEWS_001126,positive
NEWS_001127,positive
NEWS_001128,positive
NEWS_001129,neutral
NEWS_001130,positive
NEWS_001131,positive
NEWS_001132,neutral
NEWS_001133,positive
NEWS_001134,positive
NEWS_001135,negative
NEWS_001136,negative
NEWS_001137,positive
NEWS_001138,positive
NEWS_001139,positive
NEWS_001140,positive
NEWS_001141,positive
NEWS_001142,positive
NEWS_001143,positive
NEWS_001144,positive
NEWS_001145,neutral
NEWS_001146,positive
NEWS_001147,positive
NEWS_001148,neutral
NEWS_001149,positive
NEWS_001150,neutral
NEWS_001151,neutral
NEWS_001152,positive
NEWS_001153,positive
NEWS_001154,negative
NEWS_001155,positive
NEWS_001156,positive
NEWS_001157,neutral
NEWS_001158,positive
NEWS_001159,positive
NEWS_001160,positive
NEWS_001161,positive
NEWS_001162,positive
NEWS_001163,positive
NEWS_001164,positive
NEWS_001165,positive
NEWS_001166,positive
NEWS_001167,positive
NEWS_001168,positive
NEWS_001169,positive
NEWS_001170,positive
NEWS_001171,positive
NEWS_001172,neutral
NEWS_001173,neutral
NEWS_001174,positive
NEWS_001175,negative
NEWS_001176,positive
NEWS_001177,positive
NEWS_001178,positive
NEWS_001179,positive
NEWS_001180,positive
NEWS_001181,positive
NEWS_001182,positive
NEWS_001183,positive
NEWS_001184,positive
NEWS_001185,positive
NEWS_001186,positive
NEWS_001187,positive
NEWS_001188,positive
NEWS_001189,positive
NEWS_001190,neutral
NEWS_001191,positive
NEWS_001192,positive
NEWS_001193,positive
NEWS_001194,positive
NEWS_001195,positive
NEWS_001196,positive
NEWS_001197,positive
NEWS_001198,positive
NEWS_001199,neutral
NEWS_001200,neutral
NEWS_001201,positive
NEWS_001202,positive
NEWS_001203,negative
NEWS_001204,positive
NEWS_001205,negative
NEWS_001206,positive
NEWS_001207,positive
NEWS_001208,positive
NEWS_001209,positive
NEWS_001210,positive
NEWS_001211,positive
NEWS_001212,neutral
NEWS_001213,positive
NEWS_001214,negative
NEWS_001215,negative
NEWS_001216,positive
NEWS_001217,positive
NEWS_001218,neutral
NEWS_001219,negative
NEWS_001220,positive
NEWS_001221,positive
NEWS_001222,positive
NEWS_001223,positive
NEWS_001224,negative
NEWS_001225,positive
NEWS_001226,positive
NEWS_001227,positive
NEWS_001228,neutral
NEWS_001229,positive
NEWS_001230,positive
NEWS_001231,neutral
NEWS_001232,neutral
NEWS_001233,positive
NEWS_001234,positive
NEWS_001235,negative
NEWS_001236,positive
NEWS_001237,neutral
NEWS_001238,positive
NEWS_001239,positive
NEWS_001240,positive
NEWS_001241,positive
NEWS_001242,positive
NEWS_001243,negative
NEWS_001244,positive
NEWS_001245,positive
NEWS_001246,positive
NEWS_001247,neutral
NEWS_001248,positive
NEWS_001249,positive
NEWS_001250,negative
NEWS_001251,neutral
NEWS_001252,positive
NEWS_001253,positive
NEWS_001254,neutral
NEWS_001255,neutral
NEWS_001256,neutral
NEWS_001257,negative
NEWS_001258,positive
NEWS_001259,positive
NEWS_001260,positive
NEWS_001261,neutral
NEWS_001262,positive
NEWS_001263,positive
NEWS_001264,neutral
NEWS_001265,neutral
NEWS_001266,positive
NEWS_001267,positive
NEWS_001268,positive
NEWS_001269,neutral
NEWS_001270,positive
NEWS_001271,negative
NEWS_001272,positive
NEWS_001273,positive
NEWS_001274,positive
NEWS_001275,positive
NEWS_001276,negative
NEWS_001277,positive
NEWS_001278,negative
NEWS_001279,positive
NEWS_001280,positive
NEWS_001281,negative
NEWS_001282,neutral
NEWS_001283,positive
NEWS_001284,positive
NEWS_001285,neutral
NEWS_001286,positive
NEWS_001287,positive
NEWS_001288,positive
NEWS_001289,negative
NEWS_001290,positive
NEWS_001291,negative
NEWS_001292,positive
NEWS_001293,positive
NEWS_001294,negative
NEWS_001295,negative
NEWS_001296,neutral
NEWS_001297,positive
NEWS_001298,positive
NEWS_001299,positive
NEWS_001300,positive
NEWS_001301,positive
NEWS_001302,positive
NEWS_001303,neutral
NEWS_001304,neutral
NEWS_001305,positive
NEWS_001306,negative
NEWS_001307,positive
NEWS_001308,neutral
NEWS_001309,neutral
NEWS_001310,positive
NEWS_001311,positive
NEWS_001312,positive
NEWS_001313,positive
NEWS_001314,positive
NEWS_001315,positive
NEWS_001316,negative
NEWS_001317,positive
NEWS_001318,negative
NEWS_001319,neutral
NEWS_001320,neutral
NEWS_001321,neutral
NEWS_001322,positive
NEWS_001323,positive
NEWS_001324,neutral
NEWS_001325,positive
NEWS_001326,negative
NEWS_001327,positive
NEWS_001328,negative
NEWS_001329,negative
NEWS_001330,positive
NEWS_001331,positive
NEWS_001332,negative
NEWS_001333,positive
NEWS_001334,negative
NEWS_001335,negative
NEWS_001336,positive
NEWS_001337,neutral
NEWS_001338,positive
NEWS_001339,positive
NEWS_001340,negative
NEWS_001341,negative
NEWS_001342,negative
NEWS_001343,neutral
NEWS_001344,positive
NEWS_001345,positive
NEWS_001346,neutral
NEWS_001347,neutral
NEWS_001348,positive
NEWS_001349,positive
NEWS_001350,positive
NEWS_001351,neutral
NEWS_001352,positive
NEWS_001353,neutral
NEWS_001354,positive
NEWS_001355,neutral
NEWS_001356,positive
NEWS_001357,positive
NEWS_001358,neutral
NEWS_001359,neutral
NEWS_001360,negative
NEWS_001361,neutral
NEWS_001362,positive
NEWS_001363,positive
NEWS_001364,negative
NEWS_001365,negative
NEWS_001366,positive
NEWS_001367,positive
NEWS_001368,neutral
NEWS_001369,positive
NEWS_001370,positive
NEWS_001371,positive
NEWS_001372,negative
NEWS_001373,positive
NEWS_001374,positive
NEWS_001375,neutral
NEWS_001376,negative
NEWS_001377,positive
NEWS_001378,positive
NEWS_001379,positive
NEWS_001380,positive
NEWS_001381,neutral
NEWS_001382,positive
NEWS_001383,positive
NEWS_001384,negative
NEWS_001385,neutral
NEWS_001386,positive
NEWS_001387,positive
NEWS_001388,positive
NEWS_001389,positive
NEWS_001390,neutral
NEWS_001391,negative
NEWS_001392,neutral
NEWS_001393,positive
NEWS_001394,positive
NEWS_001395,positive
NEWS_001396,neutral
NEWS_001397,neutral
NEWS_001398,positive
NEWS_001399,positive
NEWS_001400,positive
NEWS_001401,positive
NEWS_001402,negative
NEWS_001403,positive
NEWS_001404,positive
NEWS_001405,positive
NEWS_001406,negative
NEWS_001407,positive
NEWS_001408,neutral
NEWS_001409,neutral
NEWS_001410,positive
NEWS_001411,positive
NEWS_001412,positive
NEWS_001413,positive
NEWS_001414,positive
NEWS_001415,positive
NEWS_001416,negative
NEWS_001417,positive
NEWS_001418,positive
NEWS_001419,positive
NEWS_001420,negative
NEWS_001421,positive
NEWS_001422,negative
NEWS_001423,negative
NEWS_001424,positive
NEWS_001425,negative
NEWS_001426,positive
NEWS_001427,positive
NEWS_001428,neutral
NEWS_001429,negative
NEWS_001430,positive
NEWS_001431,negative
NEWS_001432,negative
NEWS_001433,negative
NEWS_001434,positive
NEWS_001435,neutral
NEWS_001436,negative
NEWS_001437,neutral
NEWS_001438,positive
NEWS_001439,positive
NEWS_001440,positive
NEWS_001441,positive
NEWS_001442,positive
NEWS_001443,positive
NEWS_001444,positive
NEWS_001445,positive
NEWS_001446,positive
NEWS_001447,neutral
NEWS_001448,negative
NEWS_001449,negative
NEWS_001450,negative
NEWS_001451,neutral
NEWS_001452,neutral
NEWS_001453,negative
NEWS_001454,negative
NEWS_001455,negative
NEWS_001456,negative
NEWS_001457,neutral
NEWS_001458,neutral
NEWS_001459,neutral
NEWS_001460,negative
NEWS_001461,neutral
NEWS_001462,positive
NEWS_001463,neutral
NEWS_001464,negative
NEWS_001465,positive
NEWS_001466,positive
NEWS_001467,negative
NEWS_001468,negative
NEWS_001469,negative
NEWS_001470,neutral
NEWS_001471,positive
NEWS_001472,negative
NEWS_001473,positive
NEWS_001474,neutral
NEWS_001475,positive
NEWS_001476,positive
NEWS_001477,positive
NEWS_001478,negative
NEWS_001479,positive
NEWS_001480,positive
NEWS_001481,positive
NEWS_001482,negative
NEWS_001483,positive
NEWS_001484,positive
NEWS_001485,negative
NEWS_001486,negative
NEWS_001487,positive
NEWS_001488,negative
NEWS_001489,positive
NEWS_001490,positive
NEWS_001491,positive
NEWS_001492,positive
NEWS_001493,positive
NEWS_001494,negative
NEWS_001495,negative
NEWS_001496,negative
NEWS_001497,positive
NEWS_001498,neutral
NEWS_001499,neutral
NEWS_001500,neutral
NEWS_001501,negative
NEWS_001502,negative
NEWS_001503,negative
NEWS_001504,negative
NEWS_001505,negative
NEWS_001506,negative
NEWS_001507,positive
NEWS_001508,negative
NEWS_001509,negative
NEWS_001510,negative
NEWS_001511,negative
NEWS_001512,neutral
NEWS_001513,positive
NEWS_001514,neutral
NEWS_001515,negative
NEWS_001516,negative
NEWS_001517,negative
NEWS_001518,neutral
NEWS_001519,negative
NEWS_001520,negative
NEWS_001521,positive
NEWS_001522,negative
NEWS_001523,negative
NEWS_001524,negative
NEWS_001525,negative
NEWS_001526,positive
NEWS_001527,negative
NEWS_001528,negative
NEWS_001529,negative
NEWS_001530,negative
NEWS_001531,negative
NEWS_001532,positive
NEWS_001533,positive
NEWS_001534,positive
NEWS_001535,neutral
NEWS_001536,neutral
NEWS_001537,positive
NEWS_001538,negative
NEWS_001539,neutral
NEWS_001540,neutral
NEWS_001541,neutral
NEWS_001542,neutral
NEWS_001543,negative
NEWS_001544,negative
NEWS_001545,neutral
NEWS_001546,neutral
NEWS_001547,negative
NEWS_001548,negative
NEWS_001549,negative
NEWS_001550,neutral
NEWS_001551,negative
NEWS_001552,negative
NEWS_001553,negative
NEWS_001554,neutral
NEWS_001555,negative
NEWS_001556,positive
NEWS_001557,negative
NEWS_001558,negative
NEWS_001559,negative
NEWS_001560,neutral
NEWS_001561,neutral
NEWS_001562,neutral
NEWS_001563,neutral
NEWS_001564,neutral
NEWS_001565,negative
NEWS_001566,negative
NEWS_001567,negative
NEWS_001568,negative
NEWS_001569,negative
NEWS_001570,negative
NEWS_001571,neutral
NEWS_001572,neutral
NEWS_001573,negative
NEWS_001574,positive
NEWS_001575,negative
NEWS_001576,neutral
NEWS_001577,negative
NEWS_001578,negative
NEWS_001579,negative
NEWS_001580,neutral
NEWS_001581,negative
NEWS_001582,positive
NEWS_001583,neutral
NEWS_001584,negative
NEWS_001585,negative
NEWS_001586,negative
NEWS_001587,negative
NEWS_001588,negative
NEWS_001589,negative
NEWS_001590,negative
NEWS_001591,negative
NEWS_001592,negative
NEWS_001593,negative
NEWS_001594,negative
NEWS_001595,negative
NEWS_001596,negative
NEWS_001597,negative
NEWS_001598,negative
NEWS_001599,negative
NEWS_001600,neutral
NEWS_001601,negative
NEWS_001602,negative
NEWS_001603,positive
NEWS_001604,negative
NEWS_001605,positive
NEWS_001606,negative
NEWS_001607,negative
NEWS_001608,positive
NEWS_001609,negative
NEWS_001610,neutral
NEWS_001611,negative
NEWS_001612,negative
NEWS_001613,negative
NEWS_001614,negative
NEWS_001615,negative
NEWS_001616,negative
NEWS_001617,negative
NEWS_001618,negative
NEWS_001619,negative
NEWS_001620,negative
NEWS_001621,neutral
NEWS_001622,negative
NEWS_001623,negative
NEWS_001624,negative
NEWS_001625,negative
NEWS_001626,negative
NEWS_001627,negative
NEWS_001628,negative
NEWS_001629,negative
NEWS_001630,neutral
NEWS_001631,negative
NEWS_001632,negative
NEWS_001633,neutral
NEWS_001634,negative
NEWS_001635,negative
NEWS_001636,negative
NEWS_001637,neutral
NEWS_001638,positive
NEWS_001639,negative
NEWS_001640,negative
NEWS_001641,positive
NEWS_001642,negative
NEWS_001643,negative
NEWS_001644,negative
NEWS_001645,negative
NEWS_001646,negative
NEWS_001647,negative
NEWS_001648,negative
NEWS_001649,negative
NEWS_001650,neutral
NEWS_001651,positive
NEWS_001652,negative
NEWS_001653,negative
NEWS_001654,positive
NEWS_001655,positive
NEWS_001656,positive
NEWS_001657,positive
NEWS_001658,neutral
NEWS_001659,negative
NEWS_001660,positive
NEWS_001661,positive
NEWS_001662,positive
NEWS_001663,positive
NEWS_001664,positive
NEWS_001665,positive
NEWS_001666,positive
NEWS_001667,positive
NEWS_001668,positive
NEWS_001669,positive
NEWS_001670,positive
NEWS_001671,positive
NEWS_001672,positive
NEWS_001673,neutral
NEWS_001674,neutral
NEWS_001675,positive
NEWS_001676,positive
NEWS_001677,positive
NEWS_001678,positive
NEWS_001679,positive
NEWS_001680,positive
NEWS_001681,negative
NEWS_001682,positive
NEWS_001683,positive
NEWS_001684,positive
NEWS_001685,positive
NEWS_001686,positive
NEWS_001687,positive
NEWS_001688,neutral
NEWS_001689,positive
NEWS_001690,positive
NEWS_001691,neutral
NEWS_001692,positive
NEWS_001693,positive
NEWS_001694,positive
NEWS_001695,positive
NEWS_001696,positive
NEWS_001697,positive
NEWS_001698,positive
NEWS_001699,positive
NEWS_001700,positive
NEWS_001701,positive
NEWS_001702,positive
NEWS_001703,neutral
NEWS_001704,positive
NEWS_001705,positive
NEWS_001706,positive
NEWS_001707,positive
NEWS_001708,positive
NEWS_001709,neutral
NEWS_001710,neutral
NEWS_001711,positive
NEWS_001712,neutral
NEWS_001713,positive
NEWS_001714,positive
NEWS_001715,positive
NEWS_001716,positive
NEWS_001717,neutral
NEWS_001718,neutral
NEWS_001719,negative
NEWS_001720,neutral
NEWS_001721,neutral
NEWS_001722,positive
NEWS_001723,positive
NEWS_001724,neutral
NEWS_001725,positive
NEWS_001726,positive
NEWS_001727,positive
NEWS_001728,neutral
NEWS_001729,negative
NEWS_001730,negative
NEWS_001731,positive
NEWS_001732,positive
NEWS_001733,positive
NEWS_001734,negative
NEWS_001735,positive
NEWS_001736,neutral
NEWS_001737,positive
NEWS_001738,positive
NEWS_001739,neutral
NEWS_001740,positive
NEWS_001741,positive
NEWS_001742,negative
NEWS_001743,positive
NEWS_001744,positive
NEWS_001745,negative
NEWS_001746,positive
NEWS_001747,neutral
NEWS_001748,neutral
NEWS_001749,neutral
NEWS_001750,negative
NEWS_001751,negative
NEWS_001752,positive
NEWS_001753,positive
NEWS_001754,neutral
NEWS_001755,positive
NEWS_001756,negative
NEWS_001757,positive
NEWS_001758,positive
NEWS_001759,negative
NEWS_001760,positive
NEWS_001761,positive
NEWS_001762,positive
NEWS_001763,positive
NEWS_001764,positive
NEWS_001765,positive
NEWS_001766,neutral
NEWS_001767,positive
NEWS_001768,positive
NEWS_001769,positive
NEWS_001770,positive
NEWS_001771,positive
NEWS_001772,positive
NEWS_001773,positive
NEWS_001774,positive
NEWS_001775,neutral
NEWS_001776,positive
NEWS_001777,positive
NEWS_001778,positive
NEWS_001779,negative
NEWS_001780,positive
NEWS_001781,positive
NEWS_001782,positive
NEWS_001783,positive
NEWS_001784,positive
NEWS_001785,positive
NEWS_001786,neutral
NEWS_001787,positive
NEWS_001788,positive
NEWS_001789,positive
NEWS_001790,positive
NEWS_001791,positive
NEWS_001792,positive
NEWS_001793,positive
NEWS_001794,neutral
NEWS_001795,positive
NEWS_001796,negative
NEWS_001797,neutral
NEWS_001798,positive
NEWS_001799,negative
NEWS_001800,positive
NEWS_001801,positive
NEWS_001802,positive
NEWS_001803,positive
NEWS_001804,positive
NEWS_001805,positive
NEWS_001806,positive
NEWS_001807,positive
NEWS_001808,positive
NEWS_001809,positive
NEWS_001810,positive
NEWS_001811,neutral
NEWS_001812,positive
NEWS_001813,positive
NEWS_001814,neutral
NEWS_001815,positive
NEWS_001816,positive
NEWS_001817,positive
NEWS_001818,positive
NEWS_001819,positive
NEWS_001820,positive
NEWS_001821,negative
NEWS_001822,positive
NEWS_001823,positive
NEWS_001824,positive
NEWS_001825,positive
NEWS_001826,positive
NEWS_001827,positive
NEWS_001828,positive
NEWS_001829,positive
NEWS_001830,positive
NEWS_001831,positive
NEWS_001832,negative
NEWS_001833,positive
NEWS_001834,positive
NEWS_001835,positive
NEWS_001836,positive
NEWS_001837,positive
NEWS_001838,neutral
NEWS_001839,positive
NEWS_001840,positive
NEWS_001841,positive
NEWS_001842,positive
NEWS_001843,positive
NEWS_001844,positive
NEWS_001845,positive
NEWS_001846,positive
NEWS_001847,positive
NEWS_001848,positive
NEWS_001849,positive
NEWS_001850,negative
NEWS_001851,positive
NEWS_001852,positive
NEWS_001853,neutral
NEWS_001854,positive
NEWS_001855,positive
NEWS_001856,positive
NEWS_001857,positive
NEWS_001858,positive
NEWS_001859,positive
NEWS_001860,positive
NEWS_001861,positive
NEWS_001862,positive
NEWS_001863,positive
NEWS_001864,neutral
NEWS_001865,negative
NEWS_001866,positive
NEWS_001867,positive
NEWS_001868,negative
NEWS_001869,positive
NEWS_001870,positive
NEWS_001871,negative
NEWS_001872,positive
NEWS_001873,negative
NEWS_001874,positive
NEWS_001875,negative
NEWS_001876,positive
NEWS_001877,positive
NEWS_001878,positive
NEWS_001879,positive
NEWS_001880,positive
NEWS_001881,neutral
NEWS_001882,positive
NEWS_001883,positive
NEWS_001884,positive
NEWS_001885,positive
NEWS_001886,positive
NEWS_001887,positive
NEWS_001888,positive
NEWS_001889,positive
NEWS_001890,positive
NEWS_001891,positive
NEWS_001892,positive
NEWS_001893,positive
NEWS_001894,positive
NEWS_001895,positive
NEWS_001896,positive
NEWS_001897,positive
NEWS_001898,positive
NEWS_001899,positive
NEWS_001900,neutral
NEWS_001901,positive
NEWS_001902,positive
NEWS_001903,neutral
NEWS_001904,positive
NEWS_001905,positive
NEWS_001906,positive
NEWS_001907,positive
NEWS_001908,positive
NEWS_001909,positive
NEWS_001910,positive
NEWS_001911,positive
NEWS_001912,positive
NEWS_001913,positive
NEWS_001914,positive
NEWS_001915,neutral
NEWS_001916,negative
NEWS_001917,positive
NEWS_001918,positive
NEWS_001919,positive
NEWS_001920,positive
NEWS_001921,positive
NEWS_001922,positive
NEWS_001923,positive
NEWS_001924,positive
NEWS_001925,positive
NEWS_001926,neutral
NEWS_001927,positive
NEWS_001928,positive
NEWS_001929,positive
NEWS_001930,positive
NEWS_001931,positive
NEWS_001932,positive
NEWS_001933,positive
NEWS_001934,positive
NEWS_001935,neutral
NEWS_001936,positive
NEWS_001937,positive
NEWS_001938,positive
NEWS_001939,positive
NEWS_001940,positive
NEWS_001941,positive
NEWS_001942,negative
NEWS_001943,positive
NEWS_001944,negative
NEWS_001945,negative
NEWS_001946,neutral
NEWS_001947,positive
NEWS_001948,positive
NEWS_001949,negative
NEWS_001950,negative
NEWS_001951,positive
NEWS_001952,positive
NEWS_001953,neutral
NEWS_001954,positive
NEWS_001955,positive
NEWS_001956,neutral
NEWS_001957,positive
NEWS_001958,negative
NEWS_001959,negative
NEWS_001960,negative
NEWS_001961,neutral
NEWS_001962,positive
NEWS_001963,negative
NEWS_001964,neutral
NEWS_001965,positive
NEWS_001966,positive
NEWS_001967,neutral
NEWS_001968,positive
NEWS_001969,positive
NEWS_001970,positive
NEWS_001971,positive
NEWS_001972,positive
NEWS_001973,positive
NEWS_001974,positive
NEWS_001975,positive
NEWS_001976,positive
NEWS_001977,positive
NEWS_001978,positive
NEWS_001979,positive
NEWS_001980,neutral
NEWS_001981,neutral
NEWS_001982,positive
NEWS_001983,neutral
NEWS_001984,positive
NEWS_001985,positive
NEWS_001986,positive
NEWS_001987,negative
NEWS_001988,neutral
NEWS_001989,negative
NEWS_001990,positive
NEWS_001991,positive
NEWS_001992,positive
NEWS_001993,negative
NEWS_001994,positive
NEWS_001995,positive
NEWS_001996,positive
NEWS_001997,negative
NEWS_001998,positive
NEWS_001999,positive
NEWS_002000,neutral
NEWS_002001,positive
NEWS_002002,positive
NEWS_002003,positive
NEWS_002004,positive
NEWS_002005,positive
NEWS_002006,positive
NEWS_002007,positive
NEWS_002008,neutral
NEWS_002009,neutral
NEWS_002010,positive
NEWS_002011,neutral
NEWS_002012,positive
NEWS_002013,positive
NEWS_002014,positive
NEWS_002015,positive
NEWS_002016,positive
NEWS_002017,positive
NEWS_002018,neutral
NEWS_002019,positive
NEWS_002020,positive
NEWS_002021,negative
NEWS_002022,neutral
NEWS_002023,positive
NEWS_002024,positive
NEWS_002025,positive
NEWS_002026,neutral
NEWS_002027,positive
NEWS_002028,positive
NEWS_002029,negative
NEWS_002030,negative
NEWS_002031,positive
NEWS_002032,positive
NEWS_002033,positive
NEWS_002034,positive
NEWS_002035,positive
NEWS_002036,positive
NEWS_002037,negative
NEWS_002038,positive
NEWS_002039,positive
NEWS_002040,positive
NEWS_002041,neutral
NEWS_002042,neutral
NEWS_002043,neutral
NEWS_002044,positive
NEWS_002045,neutral
NEWS_002046,positive
NEWS_002047,positive
NEWS_002048,positive
NEWS_002049,positive
NEWS_002050,negative
NEWS_002051,positive
NEWS_002052,positive
NEWS_002053,positive
NEWS_002054,positive
NEWS_002055,positive
NEWS_002056,neutral
NEWS_002057,positive
NEWS_002058,positive
NEWS_002059,positive
NEWS_002060,positive
NEWS_002061,positive
NEWS_002062,positive
NEWS_002063,positive
NEWS_002064,positive
NEWS_002065,positive
NEWS_002066,neutral
NEWS_002067,neutral
NEWS_002068,positive
NEWS_002069,positive
NEWS_002070,positive
NEWS_002071,positive
NEWS_002072,neutral
NEWS_002073,positive
NEWS_002074,positive
NEWS_002075,positive
NEWS_002076,positive
NEWS_002077,positive
NEWS_002078,positive
NEWS_002079,neutral
NEWS_002080,positive
NEWS_002081,positive
NEWS_002082,positive
NEWS_002083,positive
NEWS_002084,positive
NEWS_002085,positive
NEWS_002086,positive
NEWS_002087,positive
NEWS_002088,positive
NEWS_002089,positive
NEWS_002090,negative
NEWS_002091,positive
NEWS_002092,positive
NEWS_002093,positive
NEWS_002094,positive
NEWS_002095,neutral
NEWS_002096,positive
NEWS_002097,positive
NEWS_002098,neutral
NEWS_002099,positive
NEWS_002100,neutral
NEWS_002101,positive
NEWS_002102,positive
NEWS_002103,positive
NEWS_002104,positive
NEWS_002105,negative
NEWS_002106,positive
NEWS_002107,neutral
NEWS_002108,positive
NEWS_002109,positive
NEWS_002110,negative
NEWS_002111,positive
NEWS_002112,positive
NEWS_002113,neutral
NEWS_002114,positive
NEWS_002115,positive
NEWS_002116,positive
NEWS_002117,neutral
NEWS_002118,positive
NEWS_002119,neutral
NEWS_002120,positive
NEWS_002121,neutral
NEWS_002122,positive
NEWS_002123,positive
NEWS_002124,positive
NEWS_002125,positive
NEWS_002126,positive
NEWS_002127,positive
NEWS_002128,positive
NEWS_002129,negative
NEWS_002130,positive
NEWS_002131,positive
NEWS_002132,positive
NEWS_002133,positive
NEWS_002134,positive
NEWS_002135,positive
NEWS_002136,positive
NEWS_002137,positive
NEWS_002138,positive
NEWS_002139,positive
NEWS_002140,negative
NEWS_002141,positive
NEWS_002142,positive
NEWS_002143,positive
NEWS_002144,positive
NEWS_002145,positive
NEWS_002146,neutral
NEWS_002147,negative
NEWS_002148,positive
NEWS_002149,positive
NEWS_002150,positive
NEWS_002151,neutral
NEWS_002152,positive
NEWS_002153,positive
NEWS_002154,positive
NEWS_002155,positive
NEWS_002156,positive
NEWS_002157,positive
NEWS_002158,positive
NEWS_002159,positive
NEWS_002160,positive
NEWS_002161,positive
NEWS_002162,positive
NEWS_002163,positive
NEWS_002164,negative
NEWS_002165,positive
NEWS_002166,positive
NEWS_002167,positive
NEWS_002168,positive
NEWS_002169,positive
NEWS_002170,negative
NEWS_002171,positive
NEWS_002172,positive
NEWS_002173,positive
NEWS_002174,positive
NEWS_002175,neutral
NEWS_002176,positive
NEWS_002177,positive
NEWS_002178,positive
NEWS_002179,positive
NEWS_002180,positive
NEWS_002181,positive
NEWS_002182,positive
NEWS_002183,positive
NEWS_002184,positive
NEWS_002185,positive
NEWS_002186,positive
NEWS_002187,positive
NEWS_002188,positive
NEWS_002189,positive
NEWS_002190,positive
NEWS_002191,positive
NEWS_002192,positive
NEWS_002193,positive
NEWS_002194,positive
NEWS_002195,positive
NEWS_002196,positive
NEWS_002197,positive
NEWS_002198,positive
NEWS_002199,negative
NEWS_002200,positive
NEWS_002201,positive
NEWS_002202,positive
NEWS_002203,positive
NEWS_002204,positive
NEWS_002205,positive
NEWS_002206,positive
NEWS_002207,positive
NEWS_002208,positive
NEWS_002209,positive
NEWS_002210,positive
NEWS_002211,positive
NEWS_002212,positive
NEWS_002213,positive
NEWS_002214,positive
NEWS_002215,neutral
NEWS_002216,negative
NEWS_002217,positive
NEWS_002218,positive
NEWS_002219,positive
NEWS_002220,negative
NEWS_002221,positive
NEWS_002222,neutral
NEWS_002223,negative
NEWS_002224,positive
NEWS_002225,negative
NEWS_002226,positive
NEWS_002227,neutral
NEWS_002228,negative
NEWS_002229,negative
NEWS_002230,negative
NEWS_002231,negative
NEWS_002232,negative
NEWS_002233,neutral
NEWS_002234,negative
NEWS_002235,neutral
NEWS_002236,negative
NEWS_002237,positive
NEWS_002238,neutral
NEWS_002239,negative
NEWS_002240,negative
NEWS_002241,negative
NEWS_002242,negative
NEWS_002243,neutral
NEWS_002244,positive
NEWS_002245,positive
NEWS_002246,positive
NEWS_002247,positive
NEWS_002248,positive
NEWS_002249,positive
NEWS_002250,positive
NEWS_002251,positive
NEWS_002252,positive
NEWS_002253,positive
NEWS_002254,positive
NEWS_002255,positive
NEWS_002256,positive
NEWS_002257,positive
NEWS_002258,positive
NEWS_002259,positive
NEWS_002260,positive
NEWS_002261,positive
NEWS_002262,negative
NEWS_002263,positive
NEWS_002264,positive
NEWS_002265,positive
NEWS_002266,positive
NEWS_002267,positive
NEWS_002268,positive
NEWS_002269,positive
NEWS_002270,positive
NEWS_002271,positive
NEWS_002272,positive
NEWS_002273,positive
NEWS_002274,positive
NEWS_002275,positive
NEWS_002276,positive
NEWS_002277,positive
NEWS_002278,positive
NEWS_002279,positive
NEWS_002280,neutral
NEWS_002281,neutral
NEWS_002282,positive
NEWS_002283,neutral
NEWS_002284,positive
NEWS_002285,positive
NEWS_002286,positive
NEWS_002287,positive
NEWS_002288,positive
NEWS_002289,positive
NEWS_002290,positive
NEWS_002291,positive
NEWS_002292,positive
NEWS_002293,positive
NEWS_002294,negative
NEWS_002295,positive
NEWS_002296,positive
NEWS_002297,positive
NEWS_002298,positive
NEWS_002299,positive
NEWS_002300,neutral
NEWS_002301,positive
NEWS_002302,negative
NEWS_002303,negative
NEWS_002304,positive
NEWS_002305,neutral
NEWS_002306,positive
NEWS_002307,positive
NEWS_002308,positive
NEWS_002309,neutral
NEWS_002310,negative
NEWS_002311,positive
NEWS_002312,neutral
NEWS_002313,negative
NEWS_002314,neutral
NEWS_002315,positive
NEWS_002316,positive
NEWS_002317,negative
NEWS_002318,positive
NEWS_002319,neutral
NEWS_002320,positive
NEWS_002321,positive
NEWS_002322,neutral
NEWS_002323,positive
NEWS_002324,neutral
NEWS_002325,neutral
NEWS_002326,negative
NEWS_002327,negative
NEWS_002328,positive
NEWS_002329,neutral
NEWS_002330,neutral
NEWS_002331,positive
NEWS_002332,positive
NEWS_002333,negative
NEWS_002334,negative
NEWS_002335,positive
NEWS_002336,negative
NEWS_002337,positive
NEWS_002338,neutral
NEWS_002339,negative
NEWS_002340,negative
NEWS_002341,positive
NEWS_002342,negative
NEWS_002343,negative
NEWS_002344,positive
NEWS_002345,neutral
NEWS_002346,positive
NEWS_002347,neutral
NEWS_002348,positive
NEWS_002349,neutral
NEWS_002350,positive
NEWS_002351,positive
NEWS_002352,positive
NEWS_002353,positive
NEWS_002354,negative
NEWS_002355,positive
NEWS_002356,positive
NEWS_002357,positive
NEWS_002358,negative
NEWS_002359,positive
NEWS_002360,positive
NEWS_002361,positive
NEWS_002362,negative
NEWS_002363,negative
NEWS_002364,neutral
NEWS_002365,positive
NEWS_002366,positive
NEWS_002367,positive
NEWS_002368,positive
NEWS_002369,positive
NEWS_002370,positive
NEWS_002371,positive
NEWS_002372,negative
NEWS_002373,neutral
NEWS_002374,negative
NEWS_002375,neutral
NEWS_002376,positive
NEWS_002377,positive
NEWS_002378,positive
NEWS_002379,positive
NEWS_002380,positive
NEWS_002381,positive
NEWS_002382,positive
NEWS_002383,positive
NEWS_002384,positive
NEWS_002385,negative
NEWS_002386,negative
NEWS_002387,neutral
NEWS_002388,neutral
NEWS_002389,neutral
NEWS_002390,neutral
NEWS_002391,positive
NEWS_002392,positive
NEWS_002393,positive
NEWS_002394,neutral
NEWS_002395,positive
NEWS_002396,positive
NEWS_002397,neutral
NEWS_002398,neutral
NEWS_002399,neutral
NEWS_002400,neutral
NEWS_002401,negative
NEWS_002402,neutral
NEWS_002403,neutral
NEWS_002404,positive
NEWS_002405,negative
NEWS_002406,positive
NEWS_002407,neutral
NEWS_002408,positive
NEWS_002409,positive
NEWS_002410,positive
NEWS_002411,negative
NEWS_002412,neutral
NEWS_002413,positive
NEWS_002414,positive
NEWS_002415,negative
NEWS_002416,negative
NEWS_002417,neutral
NEWS_002418,negative
NEWS_002419,positive
NEWS_002420,positive
NEWS_002421,negative
NEWS_002422,negative
NEWS_002423,neutral
NEWS_002424,neutral
NEWS_002425,positive
NEWS_002426,neutral
NEWS_002427,neutral
NEWS_002428,neutral
NEWS_002429,neutral
NEWS_002430,neutral
NEWS_002431,negative
NEWS_002432,positive
NEWS_002433,positive
NEWS_002434,positive
NEWS_002435,positive
NEWS_002436,neutral
NEWS_002437,negative
NEWS_002438,positive
NEWS_002439,positive
NEWS_002440,negative
NEWS_002441,positive
NEWS_002442,positive
NEWS_002443,positive
NEWS_002444,negative
NEWS_002445,positive
NEWS_002446,neutral
NEWS_002447,neutral
NEWS_002448,negative
NEWS_002449,positive
NEWS_002450,positive
NEWS_002451,negative
NEWS_002452,positive
NEWS_002453,neutral
NEWS_002454,neutral
NEWS_002455,positive
NEWS_002456,positive
NEWS_002457,neutral
NEWS_002458,negative
NEWS_002459,negative
NEWS_002460,positive
NEWS_002461,neutral
NEWS_002462,positive
NEWS_002463,neutral
NEWS_002464,positive
NEWS_002465,neutral
NEWS_002466,positive
NEWS_002467,positive
NEWS_002468,positive
NEWS_002469,negative
NEWS_002470,positive
NEWS_002471,negative
NEWS_002472,neutral
NEWS_002473,negative
NEWS_002474,positive
NEWS_002475,positive
NEWS_002476,positive
NEWS_002477,positive
NEWS_002478,neutral
NEWS_002479,negative
NEWS_002480,positive
NEWS_002481,negative
NEWS_002482,positive
NEWS_002483,positive
NEWS_002484,positive
NEWS_002485,positive
NEWS_002486,neutral
NEWS_002487,negative
NEWS_002488,positive
NEWS_002489,negative
NEWS_002490,positive
NEWS_002491,positive
NEWS_002492,positive
NEWS_002493,neutral
NEWS_002494,negative
NEWS_002495,neutral
NEWS_002496,neutral
NEWS_002497,positive
NEWS_002498,neutral
NEWS_002499,neutral
NEWS_002500,neutral
NEWS_002501,negative
NEWS_002502,positive
NEWS_002503,positive
NEWS_002504,negative
NEWS_002505,positive
NEWS_002506,positive
NEWS_002507,positive
NEWS_002508,positive
NEWS_002509,positive
NEWS_002510,negative
NEWS_002511,neutral
NEWS_002512,negative
NEWS_002513,positive
NEWS_002514,positive
NEWS_002515,positive
NEWS_002516,positive
NEWS_002517,positive
NEWS_002518,positive
NEWS_002519,positive
NEWS_002520,positive
NEWS_002521,positive
NEWS_002522,positive
NEWS_002523,positive
NEWS_002524,positive
NEWS_002525,positive
NEWS_002526,positive
NEWS_002527,positive
NEWS_002528,negative
NEWS_002529,negative
NEWS_002530,positive
NEWS_002531,positive
NEWS_002532,positive
NEWS_002533,positive
NEWS_002534,positive
NEWS_002535,positive
NEWS_002536,positive
NEWS_002537,negative
NEWS_002538,positive
NEWS_002539,neutral
NEWS_002540,positive
NEWS_002541,positive
NEWS_002542,neutral
NEWS_002543,neutral
NEWS_002544,neutral
NEWS_002545,positive
NEWS_002546,positive
NEWS_002547,positive
NEWS_002548,positive
NEWS_002549,positive
NEWS_002550,positive
NEWS_002551,positive
NEWS_002552,positive
NEWS_002553,positive
NEWS_002554,positive
NEWS_002555,positive
NEWS_002556,neutral
NEWS_002557,positive
NEWS_002558,negative
NEWS_002559,negative
NEWS_002560,negative
NEWS_002561,neutral
NEWS_002562,negative
NEWS_002563,neutral
NEWS_002564,neutral
NEWS_002565,positive
NEWS_002566,positive
NEWS_002567,neutral
NEWS_002568,positive
NEWS_002569,negative
NEWS_002570,negative
NEWS_002571,positive
NEWS_002572,positive
NEWS_002573,positive
NEWS_002574,neutral
NEWS_002575,neutral
NEWS_002576,positive
NEWS_002577,positive
NEWS_002578,positive
NEWS_002579,positive
NEWS_002580,negative
NEWS_002581,negative
NEWS_002582,negative
NEWS_002583,neutral
NEWS_002584,positive
NEWS_002585,positive
NEWS_002586,positive
NEWS_002587,neutral
NEWS_002588,negative
NEWS_002589,neutral
NEWS_002590,negative
NEWS_002591,positive
NEWS_002592,negative
NEWS_002593,neutral
NEWS_002594,neutral
NEWS_002595,negative
NEWS_002596,negative
NEWS_002597,negative
NEWS_002598,negative
NEWS_002599,positive
NEWS_002600,negative
NEWS_002601,neutral
NEWS_002602,negative
NEWS_002603,negative
NEWS_002604,negative
NEWS_002605,negative
NEWS_002606,positive
NEWS_002607,neutral
NEWS_002608,neutral
NEWS_002609,positive
NEWS_002610,positive
NEWS_002611,negative
NEWS_002612,negative
NEWS_002613,negative
NEWS_002614,negative
NEWS_002615,negative
NEWS_002616,negative
NEWS_002617,negative
NEWS_002618,positive
NEWS_002619,negative
NEWS_002620,negative
NEWS_002621,negative
NEWS_002622,neutral
NEWS_002623,negative
NEWS_002624,negative
NEWS_002625,positive
NEWS_002626,positive
NEWS_002627,negative
NEWS_002628,positive
NEWS_002629,negative
NEWS_002630,positive
NEWS_002631,negative
NEWS_002632,positive
NEWS_002633,negative
NEWS_002634,negative
NEWS_002635,positive
NEWS_002636,negative
NEWS_002637,neutral
NEWS_002638,positive
NEWS_002639,negative
NEWS_002640,negative
NEWS_002641,neutral
NEWS_002642,negative
NEWS_002643,positive
NEWS_002644,negative
NEWS_002645,negative
NEWS_002646,negative
NEWS_002647,neutral
NEWS_002648,negative
NEWS_002649,negative
NEWS_002650,neutral
NEWS_002651,negative
NEWS_002652,negative
NEWS_002653,negative
NEWS_002654,negative
NEWS_002655,negative
NEWS_002656,negative
NEWS_002657,negative
NEWS_002658,negative
NEWS_002659,negative
NEWS_002660,negative
NEWS_002661,negative
NEWS_002662,positive
NEWS_002663,negative
NEWS_002664,negative
NEWS_002665,neutral
NEWS_002666,negative
NEWS_002667,negative
NEWS_002668,negative
NEWS_002669,neutral
NEWS_002670,positive
NEWS_002671,neutral
NEWS_002672,negative
NEWS_002673,negative
NEWS_002674,negative
NEWS_002675,negative
NEWS_002676,negative
NEWS_002677,negative
NEWS_002678,negative
NEWS_002679,negative
NEWS_002680,neutral
NEWS_002681,negative
NEWS_002682,negative
NEWS_002683,negative
NEWS_002684,negative
NEWS_002685,negative
NEWS_002686,negative
NEWS_002687,negative
NEWS_002688,neutral
NEWS_002689,neutral
NEWS_002690,negative
NEWS_002691,negative
NEWS_002692,neutral
NEWS_002693,neutral
NEWS_002694,negative
NEWS_002695,positive
NEWS_002696,negative
NEWS_002697,negative
NEWS_002698,neutral
NEWS_002699,negative
NEWS_002700,negative
NEWS_002701,negative
NEWS_002702,negative
NEWS_002703,negative
NEWS_002704,negative
NEWS_002705,positive
NEWS_002706,negative
NEWS_002707,negative
NEWS_002708,negative
NEWS_002709,negative
NEWS_002710,negative
NEWS_002711,negative
NEWS_002712,negative
NEWS_002713,negative
NEWS_002714,negative
NEWS_002715,negative
NEWS_002716,negative
NEWS_002717,negative
NEWS_002718,negative
NEWS_002719,negative
NEWS_002720,positive
NEWS_002721,negative
NEWS_002722,negative
NEWS_002723,neutral
NEWS_002724,negative
NEWS_002725,negative
NEWS_002726,negative
NEWS_002727,negative
NEWS_002728,negative
NEWS_002729,negative
NEWS_002730,negative
NEWS_002731,negative
NEWS_002732,negative
NEWS_002733,neutral
NEWS_002734,neutral
NEWS_002735,negative
NEWS_002736,negative
NEWS_002737,neutral
NEWS_002738,positive
NEWS_002739,negative
NEWS_002740,negative
NEWS_002741,negative
NEWS_002742,negative
NEWS_002743,negative
NEWS_002744,neutral
NEWS_002745,negative
NEWS_002746,negative
NEWS_002747,negative
NEWS_002748,neutral
NEWS_002749,positive
NEWS_002750,negative
NEWS_002751,negative
NEWS_002752,negative
NEWS_002753,positive
NEWS_002754,positive
NEWS_002755,negative
NEWS_002756,neutral
NEWS_002757,negative
NEWS_002758,neutral
NEWS_002759,negative
NEWS_002760,positive
NEWS_002761,positive
NEWS_002762,negative
NEWS_002763,positive
NEWS_002764,negative
NEWS_002765,positive
NEWS_002766,negative
NEWS_002767,neutral
NEWS_002768,positive
NEWS_002769,negative
NEWS_002770,positive
NEWS_002771,neutral
NEWS_002772,negative
NEWS_002773,negative
NEWS_002774,negative
NEWS_002775,negative
NEWS_002776,negative
NEWS_002777,negative
NEWS_002778,negative
NEWS_002779,negative
NEWS_002780,negative
NEWS_002781,negative
NEWS_002782,neutral
NEWS_002783,negative
NEWS_002784,negative
NEWS_002785,negative
NEWS_002786,negative
NEWS_002787,positive
NEWS_002788,negative
NEWS_002789,negative
NEWS_002790,negative
NEWS_002791,negative
NEWS_002792,negative
NEWS_002793,negative
NEWS_002794,negative
NEWS_002795,negative
NEWS_002796,neutral
NEWS_002797,negative
NEWS_002798,negative
NEWS_002799,negative
NEWS_002800,positive
NEWS_002801,negative
NEWS_002802,positive
NEWS_002803,negative
NEWS_002804,negative
NEWS_002805,negative
NEWS_002806,negative
NEWS_002807,neutral
NEWS_002808,negative
NEWS_002809,negative
NEWS_002810,negative
NEWS_002811,neutral
NEWS_002812,negative
NEWS_002813,negative
NEWS_002814,negative
NEWS_002815,negative
NEWS_002816,negative
NEWS_002817,negative
NEWS_002818,negative
NEWS_002819,negative
NEWS_002820,positive
NEWS_002821,negative
NEWS_002822,neutral
NEWS_002823,negative
NEWS_002824,negative
NEWS_002825,neutral
NEWS_002826,negative
NEWS_002827,neutral
NEWS_002828,negative
NEWS_002829,positive
NEWS_002830,neutral
NEWS_002831,positive
NEWS_002832,negative
NEWS_002833,negative
NEWS_002834,negative
NEWS_002835,positive
NEWS_002836,negative
NEWS_002837,negative
NEWS_002838,negative
NEWS_002839,neutral
NEWS_002840,negative
NEWS_002841,negative
NEWS_002842,negative
NEWS_002843,neutral
NEWS_002844,negative
NEWS_002845,negative
NEWS_002846,positive
NEWS_002847,positive
NEWS_002848,negative
NEWS_002849,negative
NEWS_002850,negative
NEWS_002851,negative
NEWS_002852,negative
NEWS_002853,neutral
NEWS_002854,positive
NEWS_002855,negative
NEWS_002856,negative
NEWS_002857,negative
NEWS_002858,negative
NEWS_002859,negative
NEWS_002860,negative
NEWS_002861,negative
NEWS_002862,neutral
NEWS_002863,neutral
NEWS_002864,negative
NEWS_002865,negative
NEWS_002866,negative
NEWS_002867,negative
NEWS_002868,positive
NEWS_002869,negative
NEWS_002870,neutral
NEWS_002871,neutral
NEWS_002872,positive
NEWS_002873,negative
NEWS_002874,negative
NEWS_002875,positive
NEWS_002876,neutral
NEWS_002877,negative
NEWS_002878,negative
NEWS_002879,positive
NEWS_002880,neutral
NEWS_002881,negative
NEWS_002882,neutral
NEWS_002883,negative
NEWS_002884,negative
NEWS_002885,negative
NEWS_002886,negative
NEWS_002887,neutral
NEWS_002888,negative
NEWS_002889,negative
NEWS_002890,negative
NEWS_002891,negative
NEWS_002892,negative
NEWS_002893,negative
NEWS_002894,neutral
NEWS_002895,neutral
NEWS_002896,neutral
NEWS_002897,negative
NEWS_002898,negative
NEWS_002899,neutral
NEWS_002900,negative
NEWS_002901,negative
NEWS_002902,negative
NEWS_002903,neutral
NEWS_002904,negative
NEWS_002905,negative
NEWS_002906,negative
NEWS_002907,negative
NEWS_002908,neutral
NEWS_002909,negative
NEWS_002910,negative
NEWS_002911,negative
NEWS_002912,negative
NEWS_002913,negative
NEWS_002914,neutral
NEWS_002915,negative
NEWS_002916,negative
NEWS_002917,negative
NEWS_002918,negative
NEWS_002919,neutral
NEWS_002920,negative
NEWS_002921,neutral
NEWS_002922,negative
NEWS_002923,positive
NEWS_002924,positive
NEWS_002925,neutral
NEWS_002926,negative
NEWS_002927,negative
NEWS_002928,neutral
NEWS_002929,negative
NEWS_002930,positive
NEWS_002931,negative
NEWS_002932,neutral
NEWS_002933,negative
NEWS_002934,neutral
NEWS_002935,neutral
NEWS_002936,negative
NEWS_002937,negative
NEWS_002938,positive
NEWS_002939,positive
NEWS_002940,positive
NEWS_002941,neutral
NEWS_002942,positive
NEWS_002943,positive
NEWS_002944,negative
NEWS_002945,negative
NEWS_002946,negative
NEWS_002947,negative
NEWS_002948,negative
NEWS_002949,negative
NEWS_002950,positive
NEWS_002951,neutral
NEWS_002952,negative
NEWS_002953,negative
NEWS_002954,negative
NEWS_002955,neutral
NEWS_002956,negative
NEWS_002957,positive
NEWS_002958,negative
NEWS_002959,neutral
NEWS_002960,negative
NEWS_002961,neutral
NEWS_002962,positive
NEWS_002963,neutral
NEWS_002964,negative
NEWS_002965,negative
NEWS_002966,negative
NEWS_002967,positive
NEWS_002968,negative
NEWS_002969,negative
NEWS_002970,neutral
NEWS_002971,neutral
NEWS_002972,negative
NEWS_002973,negative
NEWS_002974,negative
NEWS_002975,neutral
NEWS_002976,negative
NEWS_002977,negative
NEWS_002978,positive
NEWS_002979,negative
NEWS_002980,positive
NEWS_002981,neutral
NEWS_002982,neutral
NEWS_002983,neutral
NEWS_002984,neutral
NEWS_002985,positive
NEWS_002986,positive
NEWS_002987,neutral
NEWS_002988,neutral
NEWS_002989,neutral
NEWS_002990,neutral
NEWS_002991,positive
NEWS_002992,neutral
NEWS_002993,neutral
NEWS_002994,neutral
NEWS_002995,positive
NEWS_002996,neutral
NEWS_002997,neutral
NEWS_002998,positive
NEWS_002999,positive
NEWS_003000,neutral
NEWS_003001,negative
NEWS_003002,neutral
NEWS_003003,negative
NEWS_003004,neutral
NEWS_003005,neutral
NEWS_003006,neutral
NEWS_003007,negative
NEWS_003008,neutral
NEWS_003009,positive
NEWS_003010,positive
NEWS_003011,neutral
NEWS_003012,neutral
NEWS_003013,positive
NEWS_003014,negative
NEWS_003015,positive
NEWS_003016,neutral
NEWS_003017,neutral
NEWS_003018,positive
NEWS_003019,positive
NEWS_003020,neutral
NEWS_003021,neutral
NEWS_003022,positive
NEWS_003023,positive
NEWS_003024,neutral
NEWS_003025,positive
NEWS_003026,neutral
NEWS_003027,neutral
NEWS_003028,neutral
NEWS_003029,positive
NEWS_003030,positive
NEWS_003031,positive
NEWS_003032,neutral
NEWS_003033,positive
NEWS_003034,positive
NEWS_003035,neutral
NEWS_003036,positive
NEWS_003037,negative
NEWS_003038,neutral
NEWS_003039,positive
NEWS_003040,negative
NEWS_003041,positive
NEWS_003042,neutral
NEWS_003043,positive
NEWS_003044,neutral
NEWS_003045,negative
NEWS_003046,positive
NEWS_003047,positive
NEWS_003048,positive
NEWS_003049,positive
NEWS_003050,positive
NEWS_003051,positive
NEWS_003052,negative
NEWS_003053,neutral
NEWS_003054,neutral
NEWS_003055,neutral
NEWS_003056,positive
NEWS_003057,neutral
NEWS_003058,neutral
NEWS_003059,positive
NEWS_003060,positive
NEWS_003061,neutral
NEWS_003062,positive
NEWS_003063,negative
NEWS_003064,negative
NEWS_003065,negative
NEWS_003066,positive
NEWS_003067,negative
NEWS_003068,negative
NEWS_003069,positive
NEWS_003070,negative
NEWS_003071,positive
NEWS_003072,positive
NEWS_003073,negative
NEWS_003074,negative
NEWS_003075,positive
NEWS_003076,neutral
NEWS_003077,neutral
NEWS_003078,neutral
NEWS_003079,negative
NEWS_003080,negative
NEWS_003081,positive
NEWS_003082,positive
NEWS_003083,negative
NEWS_003084,positive
NEWS_003085,positive
NEWS_003086,negative
NEWS_003087,neutral
NEWS_003088,positive
NEWS_003089,negative
NEWS_003090,neutral
NEWS_003091,negative
NEWS_003092,negative
NEWS_003093,neutral
NEWS_003094,negative
NEWS_003095,neutral
NEWS_003096,negative
NEWS_003097,negative
NEWS_003098,negative
NEWS_003099,positive
NEWS_003100,positive
NEWS_003101,negative
NEWS_003102,positive
NEWS_003103,neutral
NEWS_003104,negative
NEWS_003105,neutral
NEWS_003106,positive
NEWS_003107,positive
NEWS_003108,neutral
NEWS_003109,neutral
NEWS_003110,neutral
NEWS_003111,positive
NEWS_003112,positive
NEWS_003113,positive
NEWS_003114,positive
NEWS_003115,positive
NEWS_003116,neutral
NEWS_003117,positive
NEWS_003118,positive
NEWS_003119,positive
NEWS_003120,negative
NEWS_003121,neutral
NEWS_003122,neutral
NEWS_003123,neutral
NEWS_003124,negative
NEWS_003125,positive
NEWS_003126,positive
NEWS_003127,neutral
NEWS_003128,neutral
NEWS_003129,neutral
NEWS_003130,neutral
NEWS_003131,positive
NEWS_003132,positive
NEWS_003133,positive
NEWS_003134,neutral
NEWS_003135,neutral
NEWS_003136,negative
NEWS_003137,negative
NEWS_003138,positive
NEWS_003139,negative
NEWS_003140,positive
NEWS_003141,negative
NEWS_003142,negative
NEWS_003143,positive
NEWS_003144,negative
NEWS_003145,positive
NEWS_003146,positive
NEWS_003147,neutral
NEWS_003148,positive
NEWS_003149,positive
NEWS_003150,positive
NEWS_003151,negative
NEWS_003152,positive
NEWS_003153,positive
NEWS_003154,neutral
NEWS_003155,positive
NEWS_003156,negative
NEWS_003157,negative
NEWS_003158,neutral
NEWS_003159,positive
NEWS_003160,positive
NEWS_003161,positive
NEWS_003162,neutral
NEWS_003163,positive
NEWS_003164,negative
NEWS_003165,positive
NEWS_003166,neutral
NEWS_003167,positive
NEWS_003168,negative
NEWS_003169,neutral
NEWS_003170,negative
NEWS_003171,negative
NEWS_003172,positive
NEWS_003173,negative
NEWS_003174,positive
NEWS_003175,positive
NEWS_003176,neutral
NEWS_003177,negative
NEWS_003178,negative
NEWS_003179,negative
NEWS_003180,neutral
NEWS_003181,negative
NEWS_003182,negative
NEWS_003183,positive
NEWS_003184,negative
NEWS_003185,neutral
NEWS_003186,negative
NEWS_003187,positive
NEWS_003188,negative
NEWS_003189,neutral
NEWS_003190,neutral
NEWS_003191,negative
NEWS_003192,negative
NEWS_003193,negative
NEWS_003194,negative
NEWS_003195,negative
NEWS_003196,neutral
NEWS_003197,negative
NEWS_003198,negative
NEWS_003199,negative
NEWS_003200,negative
NEWS_003201,negative
NEWS_003202,neutral
NEWS_003203,negative
NEWS_003204,negative
NEWS_003205,positive
NEWS_003206,positive
NEWS_003207,negative
NEWS_003208,negative
NEWS_003209,negative
NEWS_003210,negative
NEWS_003211,neutral
NEWS_003212,negative
NEWS_003213,negative
NEWS_003214,negative
NEWS_003215,positive
NEWS_003216,neutral
NEWS_003217,negative
NEWS_003218,positive
NEWS_003219,positive
NEWS_003220,neutral
NEWS_003221,neutral
NEWS_003222,negative
NEWS_003223,negative
NEWS_003224,positive
NEWS_003225,neutral
NEWS_003226,positive
NEWS_003227,negative
NEWS_003228,negative
NEWS_003229,negative
NEWS_003230,neutral
NEWS_003231,neutral
NEWS_003232,negative
NEWS_003233,neutral
NEWS_003234,neutral
NEWS_003235,negative
NEWS_003236,negative
NEWS_003237,negative
NEWS_003238,positive
NEWS_003239,negative
NEWS_003240,negative
NEWS_003241,negative
NEWS_003242,neutral
NEWS_003243,negative
NEWS_003244,negative
NEWS_003245,negative
NEWS_003246,negative
NEWS_003247,negative
NEWS_003248,neutral
NEWS_003249,negative
NEWS_003250,negative
NEWS_003251,positive
NEWS_003252,negative
NEWS_003253,negative
NEWS_003254,positive
NEWS_003255,neutral
NEWS_003256,positive
NEWS_003257,positive
NEWS_003258,negative
NEWS_003259,positive
NEWS_003260,negative
NEWS_003261,positive
NEWS_003262,negative
NEWS_003263,positive
NEWS_003264,neutral
NEWS_003265,negative
NEWS_003266,negative
NEWS_003267,negative
NEWS_003268,negative
NEWS_003269,negative
NEWS_003270,positive
NEWS_003271,negative
NEWS_003272,positive
NEWS_003273,positive
NEWS_003274,positive
NEWS_003275,positive
NEWS_003276,positive
NEWS_003277,positive
NEWS_003278,negative
NEWS_003279,positive
NEWS_003280,positive
NEWS_003281,positive
NEWS_003282,negative
NEWS_003283,neutral
NEWS_003284,positive
NEWS_003285,positive
NEWS_003286,positive
NEWS_003287,positive
NEWS_003288,positive
NEWS_003289,positive
NEWS_003290,neutral
NEWS_003291,positive
NEWS_003292,positive
NEWS_003293,positive
NEWS_003294,positive
NEWS_003295,positive
NEWS_003296,positive
NEWS_003297,positive
NEWS_003298,neutral
NEWS_003299,positive
NEWS_003300,negative
NEWS_003301,neutral
NEWS_003302,negative
NEWS_003303,negative
NEWS_003304,neutral
NEWS_003305,neutral
NEWS_003306,neutral
NEWS_003307,negative
NEWS_003308,negative
NEWS_003309,neutral
NEWS_003310,negative
NEWS_003311,negative
NEWS_003312,negative
NEWS_003313,negative
NEWS_003314,neutral
NEWS_003315,neutral
NEWS_003316,positive
NEWS_003317,negative
NEWS_003318,neutral
NEWS_003319,neutral
NEWS_003320,negative
NEWS_003321,neutral
NEWS_003322,negative
NEWS_003323,positive
NEWS_003324,negative
NEWS_003325,positive
NEWS_003326,positive
NEWS_003327,neutral
NEWS_003328,negative
NEWS_003329,neutral
NEWS_003330,negative
NEWS_003331,positive
NEWS_003332,positive
NEWS_003333,neutral
NEWS_003334,negative
NEWS_003335,neutral
NEWS_003336,neutral
NEWS_003337,positive
NEWS_003338,neutral
NEWS_003339,positive
NEWS_003340,positive
NEWS_003341,positive
NEWS_003342,negative
NEWS_003343,neutral
NEWS_003344,neutral
NEWS_003345,neutral
NEWS_003346,positive
NEWS_003347,negative
NEWS_003348,positive
NEWS_003349,neutral
NEWS_003350,positive
NEWS_003351,negative
NEWS_003352,neutral
NEWS_003353,negative
NEWS_003354,negative
NEWS_003355,positive
NEWS_003356,neutral
NEWS_003357,positive
NEWS_003358,neutral
NEWS_003359,positive
NEWS_003360,positive
NEWS_003361,negative
NEWS_003362,positive
NEWS_003363,negative
NEWS_003364,positive
NEWS_003365,negative
NEWS_003366,negative
NEWS_003367,neutral
NEWS_003368,neutral
NEWS_003369,positive
NEWS_003370,negative
NEWS_003371,neutral
NEWS_003372,positive
NEWS_003373,positive
NEWS_003374,neutral
NEWS_003375,neutral
NEWS_003376,neutral
NEWS_003377,positive
NEWS_003378,neutral
NEWS_003379,positive
NEWS_003380,positive
NEWS_003381,negative
NEWS_003382,positive
NEWS_003383,positive
NEWS_003384,neutral
NEWS_003385,neutral
NEWS_003386,neutral
NEWS_003387,negative
NEWS_003388,negative
NEWS_003389,negative
NEWS_003390,neutral
NEWS_003391,positive
NEWS_003392,positive
NEWS_003393,negative
NEWS_003394,positive
NEWS_003395,negative
NEWS_003396,positive
NEWS_003397,positive
NEWS_003398,positive
NEWS_003399,neutral
NEWS_003400,neutral
NEWS_003401,positive
NEWS_003402,neutral
NEWS_003403,negative
NEWS_003404,negative
NEWS_003405,positive
NEWS_003406,positive
NEWS_003407,neutral
NEWS_003408,positive
NEWS_003409,neutral
NEWS_003410,positive
NEWS_003411,neutral
NEWS_003412,positive
NEWS_003413,positive
NEWS_003414,negative
NEWS_003415,positive
NEWS_003416,positive
NEWS_003417,neutral
NEWS_003418,neutral
NEWS_003419,negative
NEWS_003420,negative
NEWS_003421,negative
NEWS_003422,negative
NEWS_003423,positive
NEWS_003424,positive
NEWS_003425,negative
NEWS_003426,positive
NEWS_003427,positive
NEWS_003428,negative
NEWS_003429,positive
NEWS_003430,positive
NEWS_003431,positive
NEWS_003432,neutral
NEWS_003433,neutral
NEWS_003434,negative
NEWS_003435,positive
NEWS_003436,negative
NEWS_003437,positive
NEWS_003438,neutral
NEWS_003439,neutral
NEWS_003440,neutral
NEWS_003441,negative
NEWS_003442,neutral
NEWS_003443,positive
NEWS_003444,positive
NEWS_003445,neutral
NEWS_003446,neutral
NEWS_003447,neutral
NEWS_003448,positive
NEWS_003449,negative
NEWS_003450,negative
NEWS_003451,negative
NEWS_003452,positive
NEWS_003453,positive
NEWS_003454,positive
NEWS_003455,neutral
NEWS_003456,positive
NEWS_003457,positive
NEWS_003458,positive
NEWS_003459,neutral
NEWS_003460,neutral
NEWS_003461,positive
NEWS_003462,negative
NEWS_003463,positive
NEWS_003464,negative
NEWS_003465,positive
NEWS_003466,neutral
NEWS_003467,positive
NEWS_003468,positive
NEWS_003469,negative
NEWS_003470,positive
NEWS_003471,positive
NEWS_003472,negative
NEWS_003473,negative
NEWS_003474,negative
NEWS_003475,positive
NEWS_003476,negative
NEWS_003477,negative
NEWS_003478,negative
NEWS_003479,positive
NEWS_003480,positive
NEWS_003481,positive
NEWS_003482,negative
NEWS_003483,negative
NEWS_003484,negative
NEWS_003485,positive
NEWS_003486,negative
NEWS_003487,negative
NEWS_003488,negative
NEWS_003489,negative
NEWS_003490,neutral
NEWS_003491,neutral
NEWS_003492,negative
NEWS_003493,negative
NEWS_003494,positive
NEWS_003495,negative
NEWS_003496,negative
NEWS_003497,negative
NEWS_003498,neutral
NEWS_003499,negative
NEWS_003500,positive
NEWS_003501,positive
NEWS_003502,positive
NEWS_003503,positive
NEWS_003504,negative
NEWS_003505,positive
NEWS_003506,neutral
NEWS_003507,negative
NEWS_003508,negative
NEWS_003509,positive
NEWS_003510,negative
NEWS_003511,neutral
NEWS_003512,positive
NEWS_003513,positive
NEWS_003514,positive
NEWS_003515,negative
NEWS_003516,negative
NEWS_003517,positive
NEWS_003518,neutral
NEWS_003519,neutral
NEWS_003520,neutral
NEWS_003521,positive
NEWS_003522,negative
NEWS_003523,negative
NEWS_003524,positive
NEWS_003525,neutral
NEWS_003526,positive
NEWS_003527,positive
NEWS_003528,neutral
NEWS_003529,positive
NEWS_003530,negative
NEWS_003531,neutral
NEWS_003532,positive
NEWS_003533,positive
NEWS_003534,negative
NEWS_003535,positive
NEWS_003536,negative
NEWS_003537,negative
NEWS_003538,positive
NEWS_003539,neutral
NEWS_003540,positive
NEWS_003541,negative
NEWS_003542,negative
NEWS_003543,negative
NEWS_003544,negative
NEWS_003545,neutral
NEWS_003546,neutral
NEWS_003547,negative
NEWS_003548,positive
NEWS_003549,positive
NEWS_003550,negative
NEWS_003551,positive
NEWS_003552,negative
NEWS_003553,positive
NEWS_003554,neutral
NEWS_003555,positive
NEWS_003556,positive
NEWS_003557,negative
NEWS_003558,neutral
NEWS_003559,neutral
NEWS_003560,positive
NEWS_003561,neutral
NEWS_003562,neutral
NEWS_003563,positive
NEWS_003564,positive
NEWS_003565,positive
NEWS_003566,neutral
NEWS_003567,negative
NEWS_003568,neutral
NEWS_003569,positive
NEWS_003570,neutral
NEWS_003571,neutral
NEWS_003572,neutral
NEWS_003573,neutral
NEWS_003574,positive
NEWS_003575,neutral
NEWS_003576,neutral
NEWS_003577,neutral
NEWS_003578,negative
NEWS_003579,positive
NEWS_003580,neutral
NEWS_003581,neutral
NEWS_003582,positive
NEWS_003583,negative
NEWS_003584,negative
NEWS_003585,positive
NEWS_003586,negative
NEWS_003587,positive
NEWS_003588,positive
NEWS_003589,neutral
NEWS_003590,positive
NEWS_003591,positive
NEWS_003592,positive
NEWS_003593,positive
NEWS_003594,positive
NEWS_003595,positive
NEWS_003596,positive
NEWS_003597,positive
NEWS_003598,neutral
NEWS_003599,positive
NEWS_003600,positive
NEWS_003601,positive
NEWS_003602,negative
NEWS_003603,positive
NEWS_003604,negative
NEWS_003605,positive
NEWS_003606,negative
NEWS_003607,negative
NEWS_003608,neutral
NEWS_003609,neutral
NEWS_003610,positive
NEWS_003611,negative
NEWS_003612,positive
NEWS_003613,negative
NEWS_003614,negative
NEWS_003615,negative
NEWS_003616,negative
NEWS_003617,neutral
NEWS_003618,negative
NEWS_003619,negative
NEWS_003620,negative
NEWS_003621,negative
NEWS_003622,negative
NEWS_003623,negative
NEWS_003624,positive
NEWS_003625,negative
NEWS_003626,negative
NEWS_003627,negative
NEWS_003628,negative
NEWS_003629,positive
NEWS_003630,neutral
NEWS_003631,negative
NEWS_003632,negative
NEWS_003633,negative
NEWS_003634,neutral
NEWS_003635,neutral
NEWS_003636,negative
NEWS_003637,negative
NEWS_003638,negative
NEWS_003639,negative
NEWS_003640,negative
NEWS_003641,positive
NEWS_003642,positive
NEWS_003643,negative
NEWS_003644,negative
NEWS_003645,negative
NEWS_003646,negative
NEWS_003647,neutral
NEWS_003648,negative
NEWS_003649,neutral
NEWS_003650,neutral
NEWS_003651,negative
NEWS_003652,negative
NEWS_003653,neutral
NEWS_003654,negative
NEWS_003655,negative
NEWS_003656,neutral
NEWS_003657,negative
NEWS_003658,negative
NEWS_003659,negative
NEWS_003660,neutral
NEWS_003661,negative
NEWS_003662,negative
NEWS_003663,negative
NEWS_003664,negative
NEWS_003665,negative
NEWS_003666,negative
NEWS_003667,negative
NEWS_003668,neutral
NEWS_003669,neutral
NEWS_003670,negative
NEWS_003671,negative
NEWS_003672,negative
NEWS_003673,neutral
NEWS_003674,negative
NEWS_003675,negative
NEWS_003676,negative
NEWS_003677,negative
NEWS_003678,negative
NEWS_003679,neutral
NEWS_003680,negative
NEWS_003681,negative
NEWS_003682,negative
NEWS_003683,negative
NEWS_003684,negative
NEWS_003685,negative
NEWS_003686,positive
NEWS_003687,negative
NEWS_003688,neutral
NEWS_003689,negative
NEWS_003690,negative
NEWS_003691,negative
NEWS_003692,neutral
NEWS_003693,negative
NEWS_003694,negative
NEWS_003695,negative
NEWS_003696,negative
NEWS_003697,negative
NEWS_003698,neutral
NEWS_003699,negative
NEWS_003700,neutral
NEWS_003701,negative
NEWS_003702,negative
NEWS_003703,negative
NEWS_003704,negative
NEWS_003705,negative
NEWS_003706,negative
NEWS_003707,negative
NEWS_003708,negative
NEWS_003709,negative
NEWS_003710,negative
NEWS_003711,negative
NEWS_003712,negative
NEWS_003713,positive
NEWS_003714,negative
NEWS_003715,negative
NEWS_003716,negative
NEWS_003717,negative
NEWS_003718,neutral
NEWS_003719,negative
NEWS_003720,negative
NEWS_003721,negative
NEWS_003722,negative
NEWS_003723,negative
NEWS_003724,negative
NEWS_003725,negative
NEWS_003726,negative
NEWS_003727,negative
NEWS_003728,negative
NEWS_003729,negative
NEWS_003730,negative
NEWS_003731,negative
NEWS_003732,negative
NEWS_003733,negative
NEWS_003734,negative
NEWS_003735,negative
NEWS_003736,negative
NEWS_003737,negative
NEWS_003738,negative
NEWS_003739,negative
NEWS_003740,negative
NEWS_003741,negative
NEWS_003742,neutral
NEWS_003743,negative
NEWS_003744,negative
NEWS_003745,positive
NEWS_003746,negative
NEWS_003747,negative
NEWS_003748,negative
NEWS_003749,negative
NEWS_003750,neutral
NEWS_003751,negative
NEWS_003752,negative
NEWS_003753,positive
NEWS_003754,neutral
NEWS_003755,negative
NEWS_003756,negative
NEWS_003757,negative
NEWS_003758,negative
NEWS_003759,negative
NEWS_003760,negative
NEWS_003761,negative
NEWS_003762,negative
NEWS_003763,positive
NEWS_003764,negative
NEWS_003765,positive
NEWS_003766,positive
NEWS_003767,neutral
NEWS_003768,neutral
NEWS_003769,neutral
NEWS_003770,neutral
NEWS_003771,negative
NEWS_003772,negative
NEWS_003773,negative
NEWS_003774,negative
NEWS_003775,positive
NEWS_003776,positive
NEWS_003777,negative
NEWS_003778,negative
NEWS_003779,negative
NEWS_003780,neutral
NEWS_003781,negative
NEWS_003782,negative
NEWS_003783,neutral
NEWS_003784,positive
NEWS_003785,negative
NEWS_003786,positive
NEWS_003787,positive
NEWS_003788,negative
NEWS_003789,positive
NEWS_003790,neutral
NEWS_003791,positive
NEWS_003792,neutral
NEWS_003793,positive
NEWS_003794,negative
NEWS_003795,neutral
NEWS_003796,positive
NEWS_003797,positive
NEWS_003798,positive
NEWS_003799,neutral
NEWS_003800,positive
NEWS_003801,negative
NEWS_003802,negative
NEWS_003803,negative
NEWS_003804,negative
NEWS_003805,negative
NEWS_003806,negative
NEWS_003807,negative
NEWS_003808,negative
NEWS_003809,negative
NEWS_003810,negative
NEWS_003811,negative
NEWS_003812,negative
NEWS_003813,negative
NEWS_003814,negative
NEWS_003815,negative
NEWS_003816,negative
NEWS_003817,negative
NEWS_003818,negative
NEWS_003819,negative
NEWS_003820,negative
NEWS_003821,neutral
NEWS_003822,negative
NEWS_003823,negative
NEWS_003824,negative
NEWS_003825,negative
NEWS_003826,negative
NEWS_003827,negative
NEWS_003828,negative
NEWS_003829,neutral
NEWS_003830,negative
NEWS_003831,negative
NEWS_003832,neutral
NEWS_003833,negative
NEWS_003834,negative
NEWS_003835,neutral
NEWS_003836,negative
NEWS_003837,negative
NEWS_003838,negative
NEWS_003839,positive
NEWS_003840,negative
NEWS_003841,negative
NEWS_003842,negative
NEWS_003843,negative
NEWS_003844,negative
NEWS_003845,negative
NEWS_003846,negative
NEWS_003847,negative
NEWS_003848,negative
NEWS_003849,negative
NEWS_003850,negative
NEWS_003851,negative
NEWS_003852,positive
NEWS_003853,negative
NEWS_003854,negative
NEWS_003855,negative
NEWS_003856,negative
NEWS_003857,positive
NEWS_003858,negative
NEWS_003859,negative
NEWS_003860,negative
NEWS_003861,negative
NEWS_003862,negative
NEWS_003863,negative
NEWS_003864,negative
NEWS_003865,negative
NEWS_003866,positive
NEWS_003867,positive
NEWS_003868,neutral
NEWS_003869,negative
NEWS_003870,negative
NEWS_003871,negative
NEWS_003872,negative
NEWS_003873,negative
NEWS_003874,neutral
NEWS_003875,neutral
NEWS_003876,negative
NEWS_003877,positive
NEWS_003878,neutral
NEWS_003879,negative
NEWS_003880,negative
NEWS_003881,negative
NEWS_003882,neutral
NEWS_003883,neutral
NEWS_003884,negative
NEWS_003885,positive
NEWS_003886,positive
NEWS_003887,positive
NEWS_003888,neutral
NEWS_003889,positive
NEWS_003890,negative
NEWS_003891,negative
NEWS_003892,negative
NEWS_003893,positive
NEWS_003894,neutral
NEWS_003895,negative
NEWS_003896,negative
NEWS_003897,positive
NEWS_003898,neutral
NEWS_003899,negative
NEWS_003900,neutral
NEWS_003901,positive
NEWS_003902,negative
NEWS_003903,neutral
NEWS_003904,positive
NEWS_003905,negative
NEWS_003906,neutral
NEWS_003907,negative
NEWS_003908,negative
NEWS_003909,negative
NEWS_003910,negative
NEWS_003911,neutral
NEWS_003912,negative
NEWS_003913,negative
NEWS_003914,negative
NEWS_003915,negative
NEWS_003916,negative
NEWS_003917,negative
NEWS_003918,neutral
NEWS_003919,negative
NEWS_003920,neutral
NEWS_003921,negative
NEWS_003922,negative
NEWS_003923,negative
NEWS_003924,negative
NEWS_003925,negative
NEWS_003926,negative
NEWS_003927,positive
NEWS_003928,negative
NEWS_003929,negative
NEWS_003930,neutral
NEWS_003931,negative
NEWS_003932,negative
NEWS_003933,negative
NEWS_003934,negative
NEWS_003935,negative
NEWS_003936,positive
NEWS_003937,negative
NEWS_003938,negative
NEWS_003939,negative
NEWS_003940,negative
NEWS_003941,positive
NEWS_003942,negative
NEWS_003943,neutral
NEWS_003944,negative
NEWS_003945,negative
NEWS_003946,neutral
NEWS_003947,negative
NEWS_003948,negative
NEWS_003949,positive
NEWS_003950,negative
NEWS_003951,positive
NEWS_003952,negative
NEWS_003953,neutral
NEWS_003954,negative
NEWS_003955,negative
NEWS_003956,negative
NEWS_003957,neutral
NEWS_003958,negative
NEWS_003959,negative
NEWS_003960,negative
NEWS_003961,negative
NEWS_003962,negative
NEWS_003963,neutral
NEWS_003964,negative
NEWS_003965,neutral
NEWS_003966,neutral
NEWS_003967,positive
NEWS_003968,negative
NEWS_003969,negative
NEWS_003970,negative
NEWS_003971,positive
NEWS_003972,positive
NEWS_003973,neutral
NEWS_003974,negative
NEWS_003975,positive
NEWS_003976,positive
NEWS_003977,negative
NEWS_003978,neutral
NEWS_003979,positive
NEWS_003980,negative
NEWS_003981,positive
NEWS_003982,neutral
NEWS_003983,neutral
NEWS_003984,negative
NEWS_003985,neutral
NEWS_003986,positive
NEWS_003987,neutral
NEWS_003988,positive
NEWS_003989,neutral
NEWS_003990,neutral
NEWS_003991,positive
NEWS_003992,neutral
NEWS_003993,positive
NEWS_003994,negative
NEWS_003995,negative
NEWS_003996,neutral
NEWS_003997,negative
NEWS_003998,negative
NEWS_003999,negative
NEWS_004000,neutral
NEWS_004001,negative
NEWS_004002,neutral
NEWS_004003,positive
NEWS_004004,negative
NEWS_004005,neutral
NEWS_004006,negative
NEWS_004007,negative
NEWS_004008,positive
NEWS_004009,negative
NEWS_004010,positive
NEWS_004011,positive
NEWS_004012,positive
NEWS_004013,positive
NEWS_004014,positive
NEWS_004015,positive
NEWS_004016,positive
NEWS_004017,positive
NEWS_004018,positive
NEWS_004019,positive
NEWS_004020,positive
NEWS_004021,positive
NEWS_004022,positive
NEWS_004023,positive
NEWS_004024,positive
NEWS_004025,positive
NEWS_004026,positive
NEWS_004027,positive
NEWS_004028,positive
NEWS_004029,positive
NEWS_004030,positive
NEWS_004031,positive
NEWS_004032,positive
NEWS_004033,positive
NEWS_004034,positive
NEWS_004035,positive
NEWS_004036,positive
NEWS_004037,positive
NEWS_004038,positive
NEWS_004039,positive
NEWS_004040,positive
NEWS_004041,positive
NEWS_004042,positive
NEWS_004043,positive
NEWS_004044,positive
NEWS_004045,positive
NEWS_004046,positive
NEWS_004047,positive
NEWS_004048,positive
NEWS_004049,positive
NEWS_004050,positive
NEWS_004051,positive
NEWS_004052,positive
NEWS_004053,positive
NEWS_004054,positive
NEWS_004055,positive
NEWS_004056,positive
NEWS_004057,positive
NEWS_004058,positive
NEWS_004059,positive
NEWS_004060,positive
NEWS_004061,positive
NEWS_004062,positive
NEWS_004063,positive
NEWS_004064,positive
NEWS_004065,positive
NEWS_004066,positive
NEWS_004067,positive
NEWS_004068,positive
NEWS_004069,positive
NEWS_004070,positive
NEWS_004071,positive
NEWS_004072,positive
NEWS_004073,positive
NEWS_004074,positive
NEWS_004075,positive
NEWS_004076,positive
NEWS_004077,negative
NEWS_004078,positive
NEWS_004079,positive
NEWS_004080,positive
NEWS_004081,positive
NEWS_004082,positive
NEWS_004083,positive
NEWS_004084,positive
NEWS_004085,positive
NEWS_004086,positive
NEWS_004087,positive
NEWS_004088,positive
NEWS_004089,positive
NEWS_004090,positive
NEWS_004091,positive
NEWS_004092,positive
NEWS_004093,positive
NEWS_004094,positive
NEWS_004095,positive
NEWS_004096,positive
NEWS_004097,positive
NEWS_004098,positive
NEWS_004099,positive
NEWS_004100,positive
NEWS_004101,positive
NEWS_004102,positive
NEWS_004103,positive
NEWS_004104,positive
NEWS_004105,positive
NEWS_004106,positive
NEWS_004107,positive
NEWS_004108,positive
NEWS_004109,positive
NEWS_004110,positive
NEWS_004111,positive
NEWS_004112,positive
NEWS_004113,neutral
NEWS_004114,positive
NEWS_004115,positive
NEWS_004116,positive
NEWS_004117,positive
NEWS_004118,positive
NEWS_004119,positive
NEWS_004120,neutral
NEWS_004121,positive
NEWS_004122,positive
NEWS_004123,positive
NEWS_004124,positive
NEWS_004125,positive
NEWS_004126,positive
NEWS_004127,positive
NEWS_004128,positive
NEWS_004129,positive
NEWS_004130,positive
NEWS_004131,positive
NEWS_004132,positive
NEWS_004133,positive
NEWS_004134,positive
NEWS_004135,neutral
NEWS_004136,positive
NEWS_004137,positive
NEWS_004138,negative
NEWS_004139,positive
NEWS_004140,positive
NEWS_004141,positive
NEWS_004142,neutral
NEWS_004143,positive
NEWS_004144,positive
NEWS_004145,positive
NEWS_004146,positive
NEWS_004147,positive
NEWS_004148,positive
NEWS_004149,positive
NEWS_004150,positive
NEWS_004151,positive
NEWS_004152,positive
NEWS_004153,positive
NEWS_004154,positive
NEWS_004155,positive
NEWS_004156,positive
NEWS_004157,positive
NEWS_004158,positive
NEWS_004159,positive
NEWS_004160,positive
NEWS_004161,positive
NEWS_004162,positive
NEWS_004163,positive
NEWS_004164,positive
NEWS_004165,positive
NEWS_004166,positive
NEWS_004167,positive
NEWS_004168,positive
NEWS_004169,positive
NEWS_004170,positive
NEWS_004171,positive
NEWS_004172,positive
NEWS_004173,positive
NEWS_004174,positive
NEWS_004175,positive
NEWS_004176,positive
NEWS_004177,positive
NEWS_004178,positive
NEWS_004179,positive
NEWS_004180,positive
NEWS_004181,positive
NEWS_004182,positive
NEWS_004183,positive
NEWS_004184,positive
NEWS_004185,positive
NEWS_004186,positive
NEWS_004187,positive
NEWS_004188,positive
NEWS_004189,positive
NEWS_004190,positive
NEWS_004191,positive
NEWS_004192,positive
NEWS_004193,positive
NEWS_004194,positive
NEWS_004195,positive
NEWS_004196,positive
NEWS_004197,positive
NEWS_004198,positive
NEWS_004199,positive
NEWS_004200,positive
NEWS_004201,positive
NEWS_004202,positive
NEWS_004203,positive
NEWS_004204,positive
NEWS_004205,positive
NEWS_004206,positive
NEWS_004207,positive
NEWS_004208,positive
NEWS_004209,positive
NEWS_004210,positive
NEWS_004211,positive
NEWS_004212,positive
NEWS_004213,positive
NEWS_004214,positive
NEWS_004215,positive
NEWS_004216,positive
NEWS_004217,positive
NEWS_004218,positive
NEWS_004219,positive
NEWS_004220,positive
NEWS_004221,positive
NEWS_004222,positive
NEWS_004223,positive
NEWS_004224,positive
NEWS_004225,positive
NEWS_004226,positive
NEWS_004227,neutral
NEWS_004228,positive
NEWS_004229,positive
NEWS_004230,positive
NEWS_004231,positive
NEWS_004232,positive
NEWS_004233,positive
NEWS_004234,positive
NEWS_004235,positive
NEWS_004236,positive
NEWS_004237,positive
NEWS_004238,positive
NEWS_004239,positive
NEWS_004240,positive
NEWS_004241,positive
NEWS_004242,positive
NEWS_004243,positive
NEWS_004244,positive
NEWS_004245,neutral
NEWS_004246,positive
NEWS_004247,positive
NEWS_004248,neutral
NEWS_004249,positive
NEWS_004250,positive
NEWS_004251,neutral
NEWS_004252,neutral
NEWS_004253,neutral
NEWS_004254,neutral
NEWS_004255,negative
NEWS_004256,positive
NEWS_004257,positive
NEWS_004258,positive
NEWS_004259,positive
NEWS_004260,positive
NEWS_004261,positive
NEWS_004262,positive
NEWS_004263,positive
NEWS_004264,positive
NEWS_004265,positive
NEWS_004266,positive
NEWS_004267,positive
NEWS_004268,positive
NEWS_004269,positive
NEWS_004270,positive
NEWS_004271,negative
NEWS_004272,positive
NEWS_004273,negative
NEWS_004274,positive
NEWS_004275,negative
NEWS_004276,positive
NEWS_004277,positive
NEWS_004278,negative
NEWS_004279,positive
NEWS_004280,positive
NEWS_004281,positive
NEWS_004282,positive
NEWS_004283,positive
NEWS_004284,positive
NEWS_004285,positive
NEWS_004286,positive
NEWS_004287,neutral
NEWS_004288,positive
NEWS_004289,positive
NEWS_004290,positive
NEWS_004291,positive
NEWS_004292,positive
NEWS_004293,positive
NEWS_004294,positive
NEWS_004295,positive
NEWS_004296,positive
NEWS_004297,positive
NEWS_004298,positive
NEWS_004299,positive
NEWS_004300,positive
NEWS_004301,positive
NEWS_004302,positive
NEWS_004303,positive
NEWS_004304,positive
NEWS_004305,positive
NEWS_004306,neutral
NEWS_004307,neutral
NEWS_004308,positive
NEWS_004309,positive
NEWS_004310,positive
NEWS_004311,positive
NEWS_004312,positive
NEWS_004313,positive
NEWS_004314,positive
NEWS_004315,positive
NEWS_004316,positive
NEWS_004317,positive
NEWS_004318,positive
NEWS_004319,positive
